User_ID,Age,Gender,Location,Income,Interests,Last_Login_Days_Ago,Purchase_Frequency,Average_Order_Value,Total_Spending,Product_Category_Preference,Time_Spent_on_Site_Minutes,Pages_Viewed,Newsletter_Subscription
每个用户的唯一标识符，便于追踪和分析。,用户的年龄，提供对人口统计偏好的洞察。,用户的性别，使能性别特定的推荐和定位。,用户所在地区：郊区、农村、城市，影响偏好和购物习惯。,用户的收入水平，表明购买力和支付能力。,用户的兴趣，如运动、时尚、技术等，指导内容和产品推荐。,用户上次登录以来的天数，反映参与频率。,用户进行购买的频率，表明购物习惯和忠诚度。,用户下单的平均价值，对定价和促销策略至关重要。,用户消费的总金额，表明终身价值和购买行为。,用户偏好的特定产品类别。,用户在电子商务平台上花费的时间，表明参与程度。,用户在访问期间浏览的页面数量，反映浏览活动和兴趣。,用户是否订阅了营销活动通知。
#DEMO0001,49,Female,Urban,315502,Lifestyle,2,12,2030.13,24361.54,Apparel,77,75,TRUE
#DEMO0002,52,Female,Suburban,233335,Lifestyle,2,12,2002.51,24030.09,Apparel,64,52,TRUE
#DEMO0003,50,Female,Suburban,197031,Fashion,2,14,1606.16,22486.25,Apparel,69,68,TRUE
#DEMO0004,50,Female,Suburban,220684,Lifestyle,4,14,1804.58,25264.14,Apparel,87,57,TRUE
#DEMO0005,53,Female,Urban,312108,Lifestyle,3,13,1596.14,20749.88,Apparel,48,45,TRUE
#DEMO0006,49,Female,Suburban,318621,Luxury,5,10,1848.64,18486.43,Apparel,98,35,TRUE
#DEMO0007,52,Female,Suburban,353237,Fashion,4,13,1660.93,21592.11,Apparel,63,27,TRUE
#DEMO0008,53,Female,Urban,201142,Lifestyle,3,15,2036.47,30547.1,Apparel,99,75,TRUE
#DEMO0009,52,Female,Urban,183917,Lifestyle,4,15,1688.67,25330.02,Apparel,67,36,TRUE
#DEMO0010,50,Female,Urban,220625,Luxury,2,12,2289.27,27471.29,Apparel,80,56,TRUE
#DEMO0011,50,Female,Suburban,355454,Fashion,3,12,1566.97,18803.64,Apparel,88,40,TRUE
#DEMO0012,51,Female,Suburban,227864,Lifestyle,2,12,1728.25,20739.02,Apparel,72,51,TRUE
#DEMO0013,50,Female,Suburban,354697,Fashion,3,10,1403.69,14036.94,Apparel,79,70,TRUE
#DEMO0014,50,Female,Urban,195509,Fashion,5,13,1632.07,21216.87,Apparel,100,62,TRUE
#DEMO0015,52,Female,Suburban,256265,Luxury,3,15,1792.42,26886.27,Apparel,85,26,TRUE
#DEMO0016,52,Female,Urban,322487,Lifestyle,2,10,1853.29,18532.9,Apparel,54,58,TRUE
#DEMO0017,49,Female,Urban,216969,Lifestyle,1,11,2118.76,23306.35,Apparel,77,63,TRUE
#DEMO0018,49,Female,Suburban,334615,Lifestyle,4,10,1603.99,16039.93,Apparel,87,44,TRUE
#DEMO0019,53,Female,Suburban,211137,Lifestyle,5,11,2030.59,22336.48,Apparel,60,36,TRUE
#DEMO0020,52,Female,Suburban,180938,Lifestyle,4,15,1656.75,24851.26,Apparel,55,29,TRUE
#DEMO0021,49,Female,Suburban,273176,Fashion,1,14,1667.51,23345.11,Apparel,58,28,TRUE
#DEMO0022,50,Female,Urban,186341,Luxury,2,14,1331.3,18638.23,Apparel,77,37,TRUE
#DEMO0023,50,Female,Urban,183901,Luxury,2,10,2230.38,22303.84,Apparel,59,55,TRUE
#DEMO0024,49,Female,Suburban,187947,Luxury,1,9,2066.96,18602.63,Apparel,61,36,TRUE
#DEMO0025,52,Female,Urban,213257,Luxury,4,11,1349.08,14839.89,Apparel,63,40,TRUE
#DEMO0026,52,Female,Urban,330092,Luxury,2,15,1342.62,20139.35,Apparel,82,44,TRUE
#DEMO0027,53,Female,Urban,201921,Lifestyle,4,11,1321.59,14537.45,Apparel,57,45,TRUE
#DEMO0028,53,Female,Suburban,237798,Lifestyle,1,9,2136.76,19230.85,Apparel,55,50,TRUE
#DEMO0029,50,Female,Suburban,245273,Fashion,4,15,2243.8,33656.93,Apparel,78,68,TRUE
#DEMO0030,53,Female,Urban,221444,Fashion,5,15,1465.64,21984.64,Apparel,79,64,TRUE
#DEMO0031,50,Female,Suburban,247048,Fashion,4,14,1960.54,27447.54,Apparel,53,69,TRUE
#DEMO0032,53,Female,Urban,253077,Fashion,2,12,2246.13,26953.51,Apparel,58,64,TRUE
#DEMO0033,52,Female,Suburban,273826,Lifestyle,4,10,1889.66,18896.65,Apparel,64,25,TRUE
#DEMO0034,49,Female,Suburban,333198,Fashion,2,11,2252.26,24774.9,Apparel,86,59,TRUE
#DEMO0035,52,Female,Suburban,197855,Lifestyle,5,15,1541.95,23129.21,Apparel,51,65,TRUE
#DEMO0036,52,Female,Suburban,199522,Fashion,2,10,2107.23,21072.35,Apparel,72,66,TRUE
#DEMO0037,51,Female,Suburban,220751,Luxury,4,12,2179.65,26155.74,Apparel,65,28,TRUE
#DEMO0038,51,Female,Urban,211294,Fashion,4,15,1704.64,25569.61,Apparel,76,59,TRUE
#DEMO0039,51,Female,Suburban,350225,Luxury,2,10,2289.33,22893.27,Apparel,89,74,TRUE
#DEMO0040,49,Female,Suburban,246293,Lifestyle,3,11,1742.85,19171.33,Apparel,55,61,TRUE
#DEMO0041,53,Female,Suburban,251842,Lifestyle,4,13,1323.33,17203.27,Apparel,66,40,TRUE
#DEMO0042,50,Female,Urban,355935,Fashion,5,15,2220.27,33304.11,Apparel,63,26,TRUE
#DEMO0043,52,Female,Suburban,296259,Fashion,5,9,1932.39,17391.51,Apparel,96,72,TRUE
#DEMO0044,53,Female,Urban,265259,Fashion,4,11,1881.14,20692.55,Apparel,62,75,TRUE
#DEMO0045,49,Female,Urban,222722,Luxury,2,13,1684.72,21901.35,Apparel,100,26,TRUE
#DEMO0046,52,Female,Suburban,293881,Luxury,1,9,1798.61,16187.51,Apparel,80,66,TRUE
#DEMO0047,49,Female,Urban,224557,Fashion,5,13,2023.73,26308.44,Apparel,100,61,TRUE
#DEMO0048,49,Female,Suburban,274134,Luxury,5,15,1564.47,23466.98,Apparel,50,72,TRUE
#DEMO0049,50,Female,Suburban,277481,Lifestyle,1,14,2013.89,28194.46,Apparel,78,28,TRUE
#DEMO0050,51,Female,Urban,182904,Luxury,4,14,1402.77,19638.73,Apparel,48,62,TRUE
#DEMO0051,49,Female,Suburban,302681,Lifestyle,2,13,2049.41,26642.37,Apparel,51,28,TRUE
#DEMO0052,52,Female,Urban,187416,Fashion,4,15,1810.36,27155.43,Apparel,50,71,TRUE
#DEMO0053,52,Female,Suburban,253235,Fashion,2,12,1995.65,23947.84,Apparel,66,29,TRUE
#DEMO0054,53,Female,Urban,296961,Fashion,5,11,1367.15,15038.7,Apparel,76,52,TRUE
#DEMO0055,52,Female,Urban,283785,Lifestyle,5,12,2078.15,24937.86,Apparel,93,57,TRUE
#DEMO0056,53,Female,Suburban,285528,Fashion,1,15,1721.95,25829.24,Apparel,68,53,TRUE
#DEMO0057,51,Female,Urban,185247,Fashion,3,11,1351.83,14870.18,Apparel,84,52,TRUE
#DEMO0058,52,Female,Urban,281551,Fashion,3,13,1750.23,22752.95,Apparel,85,31,TRUE
#DEMO0059,52,Female,Urban,192299,Lifestyle,3,9,1659.36,14934.2,Apparel,66,37,TRUE
#DEMO0060,51,Female,Urban,258272,Luxury,3,9,1813.13,16318.16,Apparel,76,42,TRUE
#DEMO0061,53,Female,Suburban,187105,Luxury,5,9,1706.21,15355.93,Apparel,92,65,TRUE
#DEMO0062,53,Female,Urban,276570,Fashion,5,15,1332.67,19990.11,Apparel,85,32,TRUE
#DEMO0063,51,Female,Urban,201261,Fashion,3,11,1314.44,14458.87,Apparel,73,48,TRUE
#DEMO0064,53,Female,Suburban,323475,Luxury,3,11,1780.08,19580.89,Apparel,55,73,TRUE
#DEMO0065,51,Female,Urban,195593,Fashion,4,11,1689.19,18581.14,Apparel,99,58,TRUE
#DEMO0066,50,Female,Urban,250929,Fashion,2,14,1507.92,21110.94,Apparel,61,41,TRUE
#DEMO0067,53,Female,Suburban,311327,Lifestyle,2,9,1894.83,17053.5,Apparel,79,36,TRUE
#DEMO0068,53,Female,Suburban,357917,Lifestyle,2,9,1365.35,12288.18,Apparel,63,39,TRUE
#DEMO0069,51,Female,Urban,221726,Luxury,5,13,2008.35,26108.52,Apparel,82,38,TRUE
#DEMO0070,51,Female,Urban,190800,Luxury,2,15,1325.74,19886.06,Apparel,97,57,TRUE
#DEMO0071,51,Female,Suburban,299177,Luxury,2,10,1618.55,16185.48,Apparel,64,41,TRUE
#DEMO0072,51,Female,Urban,355488,Lifestyle,2,15,1368.72,20530.74,Apparel,67,44,TRUE
#DEMO0073,53,Female,Suburban,325670,Lifestyle,3,10,2189.9,21899.04,Apparel,56,54,TRUE
#DEMO0074,53,Female,Urban,211419,Lifestyle,2,12,1978.0,23736.05,Apparel,77,25,TRUE
#DEMO0075,50,Female,Suburban,264428,Fashion,4,9,1465.08,13185.76,Apparel,65,40,TRUE
#DEMO0076,49,Female,Suburban,277341,Luxury,1,9,2157.34,19416.08,Apparel,92,36,TRUE
#DEMO0077,49,Female,Suburban,346552,Lifestyle,5,12,2188.28,26259.4,Apparel,52,55,TRUE
#DEMO0078,53,Female,Suburban,196985,Luxury,3,15,2196.89,32953.4,Apparel,81,66,TRUE
#DEMO0079,51,Female,Suburban,300140,Lifestyle,2,13,1788.13,23245.63,Apparel,84,74,TRUE
#DEMO0080,52,Female,Urban,349005,Luxury,4,11,1607.36,17680.93,Apparel,78,27,TRUE
#DEMO0081,49,Female,Suburban,186753,Luxury,1,14,1953.7,27351.75,Apparel,71,33,TRUE
#DEMO0082,53,Female,Urban,356004,Lifestyle,3,15,1300.12,19501.74,Apparel,46,36,TRUE
#DEMO0083,52,Female,Urban,202597,Lifestyle,4,10,1708.7,17087.03,Apparel,76,68,TRUE
#DEMO0084,49,Female,Urban,204154,Fashion,1,12,1389.79,16677.49,Apparel,61,49,TRUE
#DEMO0085,52,Female,Urban,260558,Luxury,1,10,1392.18,13921.84,Apparel,97,72,TRUE
#DEMO0086,50,Female,Suburban,259878,Luxury,2,10,1433.92,14339.19,Apparel,66,73,TRUE
#DEMO0087,53,Female,Urban,253439,Fashion,5,13,1816.47,23614.11,Apparel,66,25,TRUE
#DEMO0088,51,Female,Suburban,359122,Fashion,4,10,2107.05,21070.55,Apparel,86,52,TRUE
#DEMO0089,51,Female,Urban,350582,Fashion,5,11,1828.03,20108.34,Apparel,67,48,TRUE
#DEMO0090,52,Female,Urban,265261,Lifestyle,3,10,1797.64,17976.42,Apparel,67,68,TRUE
#DEMO0091,49,Female,Suburban,355834,Lifestyle,2,11,1815.04,19965.42,Apparel,60,43,TRUE
#DEMO0092,52,Female,Suburban,220126,Luxury,3,12,2066.59,24799.06,Apparel,67,47,TRUE
#DEMO0093,52,Female,Suburban,328858,Lifestyle,5,10,2239.19,22391.94,Apparel,95,26,TRUE
#DEMO0094,51,Female,Urban,240921,Fashion,3,12,1654.69,19856.31,Apparel,75,62,TRUE
#DEMO0095,50,Female,Suburban,245769,Fashion,3,15,2020.36,30305.44,Apparel,88,55,TRUE
#DEMO0096,51,Female,Suburban,250399,Luxury,3,11,1919.71,21116.81,Apparel,87,51,TRUE
#DEMO0097,52,Female,Urban,321898,Fashion,2,11,1800.51,19805.66,Apparel,64,59,TRUE
#DEMO0098,52,Female,Suburban,282931,Lifestyle,4,14,2206.41,30889.74,Apparel,83,39,TRUE
#DEMO0099,52,Female,Urban,186520,Luxury,3,9,1741.7,15675.32,Apparel,81,59,TRUE
#DEMO0100,50,Female,Suburban,265888,Lifestyle,3,13,1604.3,20855.94,Apparel,82,55,TRUE
#DEMO0101,51,Female,Urban,333487,Lifestyle,3,15,1410.45,21156.72,Apparel,69,26,TRUE
#DEMO0102,53,Female,Urban,231728,Fashion,2,10,2243.55,22435.48,Apparel,77,63,TRUE
#DEMO0103,49,Female,Suburban,260212,Fashion,5,11,1740.36,19143.97,Apparel,71,59,TRUE
#DEMO0104,52,Female,Urban,199742,Luxury,5,13,2228.07,28964.97,Apparel,86,69,TRUE
#DEMO0105,53,Female,Urban,238618,Luxury,5,14,1383.23,19365.18,Apparel,47,53,TRUE
#DEMO0106,50,Female,Suburban,213997,Lifestyle,5,14,2265.19,31712.72,Apparel,70,36,TRUE
#DEMO0107,53,Female,Urban,219201,Lifestyle,3,15,2148.27,32224.03,Apparel,72,53,TRUE
#DEMO0108,53,Female,Urban,220124,Lifestyle,1,15,1834.99,27524.84,Apparel,81,33,TRUE
#DEMO0109,53,Female,Suburban,232434,Lifestyle,3,13,1822.68,23694.84,Apparel,96,28,TRUE
#DEMO0110,51,Female,Suburban,341133,Fashion,2,10,1364.83,13648.26,Apparel,46,57,TRUE
#DEMO0111,50,Female,Urban,349428,Lifestyle,1,12,1828.14,21937.67,Apparel,68,57,TRUE
#DEMO0112,51,Female,Urban,261893,Lifestyle,1,13,1713.77,22279.03,Apparel,92,25,TRUE
#DEMO0113,52,Female,Suburban,203270,Lifestyle,3,11,1593.81,17531.87,Apparel,49,28,TRUE
#DEMO0114,53,Female,Urban,281238,Fashion,5,15,1847.61,27714.08,Apparel,63,42,TRUE
#DEMO0115,53,Female,Urban,204495,Luxury,3,15,1547.75,23216.23,Apparel,87,66,TRUE
#DEMO0116,50,Female,Suburban,319774,Lifestyle,3,13,1476.5,19194.52,Apparel,66,38,TRUE
#DEMO0117,51,Female,Suburban,301476,Fashion,3,9,2005.78,18052.06,Apparel,74,58,TRUE
#DEMO0118,52,Female,Suburban,254722,Luxury,5,15,1566.95,23504.23,Apparel,49,55,TRUE
#DEMO0119,53,Female,Urban,209791,Fashion,3,11,1458.02,16038.23,Apparel,95,25,TRUE
#DEMO0120,52,Female,Urban,193737,Lifestyle,2,11,1732.92,19062.15,Apparel,68,63,TRUE
#DEMO0121,52,Female,Suburban,328551,Lifestyle,5,9,1704.33,15338.99,Apparel,93,63,TRUE
#DEMO0122,49,Female,Suburban,317045,Fashion,4,12,1860.02,22320.18,Apparel,49,46,TRUE
#DEMO0123,49,Female,Urban,291569,Luxury,4,13,2257.38,29345.9,Apparel,76,67,TRUE
#DEMO0124,52,Female,Suburban,194207,Fashion,2,10,2285.62,22856.22,Apparel,49,71,TRUE
#DEMO0125,50,Female,Suburban,182723,Fashion,5,14,1809.03,25326.38,Apparel,63,39,TRUE
#DEMO0126,52,Female,Urban,357168,Fashion,1,15,2198.39,32975.87,Apparel,91,53,TRUE
#DEMO0127,49,Female,Urban,319241,Lifestyle,3,14,1378.59,19300.3,Apparel,57,32,TRUE
#DEMO0128,50,Female,Suburban,273141,Lifestyle,4,10,1720.35,17203.54,Apparel,45,54,TRUE
#DEMO0129,50,Female,Suburban,236635,Fashion,2,9,2248.19,20233.7,Apparel,50,53,TRUE
#DEMO0130,49,Female,Urban,270913,Fashion,5,13,1653.31,21493.09,Apparel,87,55,TRUE
#DEMO0131,51,Female,Urban,339192,Fashion,5,9,1708.55,15376.96,Apparel,96,75,TRUE
#DEMO0132,53,Female,Suburban,325807,Fashion,3,13,1355.54,17622.08,Apparel,50,72,TRUE
#DEMO0133,50,Female,Suburban,340302,Lifestyle,5,13,1514.26,19685.39,Apparel,99,41,TRUE
#DEMO0134,53,Female,Suburban,253858,Luxury,5,13,1412.28,18359.68,Apparel,77,34,TRUE
#DEMO0135,50,Female,Urban,267110,Lifestyle,1,10,1905.85,19058.54,Apparel,58,54,TRUE
#DEMO0136,51,Female,Urban,263060,Fashion,5,13,1391.01,18083.1,Apparel,64,42,TRUE
#DEMO0137,51,Female,Suburban,316235,Lifestyle,4,10,1597.55,15975.54,Apparel,87,56,TRUE
#DEMO0138,49,Female,Urban,270731,Lifestyle,3,14,1782.52,24955.25,Apparel,83,74,TRUE
#DEMO0139,50,Female,Suburban,288347,Fashion,1,13,1669.05,21697.71,Apparel,94,42,TRUE
#DEMO0140,50,Female,Suburban,210910,Luxury,1,14,1908.0,26711.99,Apparel,72,50,TRUE
#DEMO0141,50,Female,Urban,204653,Luxury,3,11,1518.55,16704.04,Apparel,63,73,TRUE
#DEMO0142,51,Female,Urban,288953,Lifestyle,4,10,2076.44,20764.36,Apparel,71,60,TRUE
#DEMO0143,53,Female,Urban,306714,Lifestyle,4,13,1324.26,17215.33,Apparel,52,68,TRUE
#DEMO0144,52,Female,Suburban,198090,Luxury,2,14,1928.75,27002.43,Apparel,79,55,TRUE
#DEMO0145,53,Female,Suburban,340843,Lifestyle,1,15,1805.68,27085.27,Apparel,87,63,TRUE
#DEMO0146,51,Female,Urban,327427,Luxury,2,9,1602.16,14419.44,Apparel,60,62,TRUE
#DEMO0147,52,Female,Urban,184828,Luxury,5,12,1514.85,18178.16,Apparel,48,32,TRUE
#DEMO0148,51,Female,Suburban,279819,Luxury,1,11,1506.4,16570.44,Apparel,100,70,TRUE
#DEMO0149,50,Female,Urban,184717,Luxury,5,10,1466.0,14659.96,Apparel,93,58,TRUE
#DEMO0150,49,Female,Suburban,181091,Luxury,3,12,1942.79,23313.47,Apparel,95,34,TRUE
#DEMO0151,50,Female,Suburban,198536,Luxury,3,15,1403.47,21052.11,Apparel,90,56,TRUE
#DEMO0152,49,Female,Urban,338721,Fashion,3,15,1397.47,20962.12,Apparel,93,68,TRUE
#DEMO0153,49,Female,Suburban,234264,Lifestyle,5,11,1591.76,17509.37,Apparel,76,52,TRUE
#DEMO0154,52,Female,Suburban,241780,Luxury,5,12,1493.94,17927.29,Apparel,45,38,TRUE
#DEMO0155,50,Female,Urban,308878,Fashion,4,14,1592.87,22300.23,Apparel,86,31,TRUE
#DEMO0156,53,Female,Urban,286065,Luxury,5,11,2147.84,23626.21,Apparel,62,58,TRUE
#DEMO0157,50,Female,Suburban,221984,Luxury,1,12,1502.01,18024.07,Apparel,94,65,TRUE
#DEMO0158,52,Female,Suburban,283133,Lifestyle,2,9,2024.31,18218.83,Apparel,90,25,TRUE
#DEMO0159,49,Female,Urban,259385,Lifestyle,4,15,2223.84,33357.58,Apparel,48,39,TRUE
#DEMO0160,52,Female,Urban,191906,Fashion,5,12,2003.89,24046.67,Apparel,55,45,TRUE
#DEMO0161,50,Female,Suburban,201340,Fashion,3,9,2070.98,18638.82,Apparel,72,46,TRUE
#DEMO0162,51,Female,Suburban,203019,Fashion,5,11,2042.39,22466.25,Apparel,98,35,TRUE
#DEMO0163,51,Female,Urban,234931,Fashion,2,13,1476.85,19199.05,Apparel,87,48,TRUE
#DEMO0164,50,Female,Suburban,199362,Fashion,1,13,1564.76,20341.88,Apparel,95,60,TRUE
#DEMO0165,52,Female,Suburban,245868,Fashion,1,15,1993.15,29897.24,Apparel,70,68,TRUE
#DEMO0166,50,Female,Urban,236384,Fashion,1,15,1823.68,27355.19,Apparel,56,73,TRUE
#DEMO0167,52,Female,Urban,231281,Lifestyle,5,14,1944.28,27219.93,Apparel,91,35,TRUE
#DEMO0168,52,Female,Suburban,281050,Lifestyle,5,12,1446.9,17362.77,Apparel,75,31,TRUE
#DEMO0169,50,Female,Suburban,243410,Fashion,2,14,1675.79,23461.08,Apparel,99,28,TRUE
#DEMO0170,50,Female,Suburban,291010,Luxury,2,13,1674.92,21774.01,Apparel,71,34,TRUE
#DEMO0171,53,Female,Urban,283915,Luxury,1,13,1377.18,17903.35,Apparel,68,34,TRUE
#DEMO0172,51,Female,Suburban,279964,Luxury,1,10,1371.17,13711.66,Apparel,64,54,TRUE
#DEMO0173,53,Female,Urban,247129,Fashion,2,15,1672.57,25088.62,Apparel,90,68,TRUE
#DEMO0174,49,Female,Suburban,208601,Lifestyle,1,14,2263.69,31691.6,Apparel,72,34,TRUE
#DEMO0175,51,Female,Suburban,203742,Fashion,5,11,1979.53,21774.86,Apparel,94,28,TRUE
#DEMO0176,53,Female,Urban,325180,Lifestyle,4,10,2294.17,22941.71,Apparel,47,61,TRUE
#DEMO0177,53,Female,Urban,313682,Lifestyle,3,14,2194.63,30724.79,Apparel,64,44,TRUE
#DEMO0178,52,Female,Urban,281653,Lifestyle,4,15,2131.75,31976.26,Apparel,63,58,TRUE
#DEMO0179,49,Female,Suburban,329324,Fashion,3,13,1308.92,17016.01,Apparel,58,31,TRUE
#DEMO0180,52,Female,Urban,226387,Lifestyle,5,13,1668.01,21684.16,Apparel,60,59,TRUE
#DEMO0181,52,Female,Urban,359486,Lifestyle,3,12,1435.38,17224.57,Apparel,90,70,TRUE
#DEMO0182,52,Female,Suburban,239553,Lifestyle,3,11,2012.23,22134.51,Apparel,74,38,TRUE
#DEMO0183,53,Female,Suburban,349667,Luxury,2,10,1935.56,19355.63,Apparel,74,32,TRUE
#DEMO0184,50,Female,Urban,198934,Lifestyle,5,13,1597.52,20767.82,Apparel,72,53,TRUE
#DEMO0185,52,Female,Suburban,335162,Fashion,1,13,1361.52,17699.78,Apparel,46,44,TRUE
#DEMO0186,52,Female,Suburban,259174,Fashion,3,11,1384.58,15230.43,Apparel,87,35,TRUE
#DEMO0187,52,Female,Urban,198039,Lifestyle,1,10,1305.59,13055.87,Apparel,91,71,TRUE
#DEMO0188,52,Female,Urban,190031,Fashion,4,12,1960.58,23526.94,Apparel,72,67,TRUE
#DEMO0189,50,Female,Suburban,355633,Lifestyle,3,13,1694.3,22025.86,Apparel,46,39,TRUE
#DEMO0190,53,Female,Suburban,269629,Fashion,2,13,1711.4,22248.18,Apparel,98,49,TRUE
#DEMO0191,50,Female,Urban,280214,Luxury,3,11,2059.92,22659.14,Apparel,45,59,TRUE
#DEMO0192,53,Female,Urban,284522,Luxury,1,13,1750.62,22758.03,Apparel,87,40,TRUE
#DEMO0193,51,Female,Urban,203999,Fashion,1,13,1458.73,18963.46,Apparel,85,53,TRUE
#DEMO0194,53,Female,Urban,199653,Lifestyle,1,9,2139.08,19251.7,Apparel,92,56,TRUE
#DEMO0195,51,Female,Suburban,264020,Lifestyle,2,11,1682.53,18507.84,Apparel,71,43,TRUE
#DEMO0196,50,Female,Urban,243510,Luxury,1,11,1364.67,15011.41,Apparel,89,33,TRUE
#DEMO0197,51,Female,Urban,254476,Fashion,1,15,1545.93,23188.99,Apparel,55,54,TRUE
#DEMO0198,53,Female,Urban,202019,Fashion,1,14,1386.68,19413.51,Apparel,83,37,TRUE
#DEMO0199,53,Female,Urban,301307,Luxury,2,12,2272.41,27268.92,Apparel,76,49,TRUE
#DEMO0200,53,Female,Urban,189103,Lifestyle,1,13,1703.84,22149.94,Apparel,78,28,TRUE
#DEMO0201,49,Female,Suburban,323788,Luxury,2,10,1777.42,17774.21,Apparel,85,47,TRUE
#DEMO0202,49,Female,Urban,207759,Lifestyle,1,10,2174.57,21745.75,Apparel,82,35,TRUE
#DEMO0203,51,Female,Urban,332757,Luxury,5,11,2150.64,23657.09,Apparel,62,67,TRUE
#DEMO0204,51,Female,Urban,288633,Lifestyle,2,14,1491.51,20881.09,Apparel,70,45,TRUE
#DEMO0205,52,Female,Urban,280144,Lifestyle,3,11,2087.64,22964.02,Apparel,54,47,TRUE
#DEMO0206,53,Female,Suburban,307024,Fashion,3,14,2250.23,31503.21,Apparel,62,60,TRUE
#DEMO0207,53,Female,Urban,261650,Fashion,2,12,2127.98,25535.71,Apparel,80,36,TRUE
#DEMO0208,50,Female,Suburban,197221,Luxury,5,12,2061.28,24735.38,Apparel,46,55,TRUE
#DEMO0209,52,Female,Suburban,276851,Fashion,3,10,1807.73,18077.28,Apparel,55,27,TRUE
#DEMO0210,53,Female,Suburban,275125,Luxury,4,13,1870.78,24320.19,Apparel,100,71,TRUE
#DEMO0211,52,Female,Urban,221237,Fashion,4,11,2259.11,24850.18,Apparel,85,74,TRUE
#DEMO0212,52,Female,Urban,322474,Lifestyle,2,10,1676.52,16765.19,Apparel,54,43,TRUE
#DEMO0213,50,Female,Urban,250513,Lifestyle,5,14,1866.75,26134.5,Apparel,85,66,TRUE
#DEMO0214,51,Female,Urban,235567,Fashion,5,11,1535.78,16893.54,Apparel,90,64,TRUE
#DEMO0215,49,Female,Suburban,356207,Fashion,5,12,1456.22,17474.63,Apparel,64,36,TRUE
#DEMO0216,49,Female,Urban,345918,Lifestyle,4,15,1365.49,20482.31,Apparel,89,40,TRUE
#DEMO0217,50,Female,Suburban,314487,Fashion,1,10,1461.07,14610.66,Apparel,63,68,TRUE
#DEMO0218,52,Female,Urban,306874,Lifestyle,3,11,1891.89,20810.76,Apparel,76,40,TRUE
#DEMO0219,52,Female,Suburban,312672,Luxury,2,12,1543.64,18523.7,Apparel,80,30,TRUE
#DEMO0220,49,Female,Suburban,338463,Fashion,1,13,1866.09,24259.23,Apparel,58,51,TRUE
#DEMO0221,51,Female,Urban,323304,Luxury,1,14,2234.53,31283.45,Apparel,61,29,TRUE
#DEMO0222,50,Female,Urban,339449,Luxury,2,13,1471.17,19125.27,Apparel,61,38,TRUE
#DEMO0223,49,Female,Urban,262576,Luxury,4,12,1578.18,18938.13,Apparel,61,34,TRUE
#DEMO0224,53,Female,Urban,279699,Fashion,4,10,2015.72,20157.16,Apparel,89,64,TRUE
#DEMO0225,49,Female,Suburban,290606,Lifestyle,4,15,2002.14,30032.05,Apparel,98,70,TRUE
#DEMO0226,50,Female,Urban,297577,Fashion,2,9,2011.59,18104.33,Apparel,62,68,TRUE
#DEMO0227,49,Female,Suburban,287660,Luxury,2,10,1972.67,19726.69,Apparel,51,48,TRUE
#DEMO0228,51,Female,Urban,342598,Lifestyle,3,12,2062.13,24745.6,Apparel,72,39,TRUE
#DEMO0229,51,Female,Urban,284954,Luxury,3,12,1793.03,21516.34,Apparel,64,52,TRUE
#DEMO0230,50,Female,Suburban,297982,Fashion,5,12,2158.59,25903.07,Apparel,75,40,TRUE
#DEMO0231,53,Female,Suburban,241402,Lifestyle,4,15,1713.79,25706.89,Apparel,64,60,TRUE
#DEMO0232,51,Female,Urban,303649,Luxury,2,12,1458.34,17500.08,Apparel,95,55,TRUE
#DEMO0233,52,Female,Urban,356692,Fashion,3,10,2066.92,20669.17,Apparel,65,26,TRUE
#DEMO0234,52,Female,Urban,213020,Luxury,1,9,2051.73,18465.55,Apparel,69,57,TRUE
#DEMO0235,52,Female,Urban,240539,Fashion,1,12,1538.27,18459.29,Apparel,69,68,TRUE
#DEMO0236,51,Female,Suburban,184154,Fashion,5,11,2163.28,23796.08,Apparel,74,70,TRUE
#DEMO0237,51,Female,Suburban,266965,Fashion,2,9,1374.66,12371.95,Apparel,47,38,TRUE
#DEMO0238,53,Female,Suburban,240562,Luxury,3,12,1355.74,16268.88,Apparel,72,62,TRUE
#DEMO0239,53,Female,Urban,265297,Luxury,1,14,2103.22,29445.09,Apparel,74,48,TRUE
#DEMO0240,52,Female,Urban,254948,Luxury,2,14,1997.83,27969.68,Apparel,54,61,TRUE
#DEMO0241,50,Female,Urban,278083,Lifestyle,3,13,1532.57,19923.4,Apparel,99,72,TRUE
#DEMO0242,51,Female,Suburban,269460,Luxury,5,10,1621.11,16211.06,Apparel,45,70,TRUE
#DEMO0243,51,Female,Suburban,187225,Luxury,5,11,2065.51,22720.64,Apparel,90,57,TRUE
#DEMO0244,51,Female,Urban,258168,Luxury,3,12,1356.57,16278.79,Apparel,72,49,TRUE
#DEMO0245,53,Female,Suburban,269025,Luxury,2,13,2186.45,28423.82,Apparel,56,30,TRUE
#DEMO0246,53,Female,Suburban,245441,Lifestyle,1,9,1963.03,17667.25,Apparel,98,53,TRUE
#DEMO0247,50,Female,Suburban,289754,Luxury,4,14,1778.65,24901.1,Apparel,94,28,TRUE
#DEMO0248,49,Female,Urban,338821,Lifestyle,4,14,1949.38,27291.38,Apparel,79,56,TRUE
#DEMO0249,53,Female,Urban,342400,Fashion,3,12,1555.32,18663.83,Apparel,54,40,TRUE
#DEMO0250,53,Female,Suburban,347115,Fashion,3,12,1802.86,21634.27,Apparel,75,38,TRUE
#DEMO0251,49,Female,Suburban,351572,Lifestyle,4,11,2075.93,22835.24,Apparel,51,38,TRUE
#DEMO0252,52,Female,Urban,256019,Luxury,3,10,1467.13,14671.32,Apparel,66,25,TRUE
#DEMO0253,49,Female,Urban,348954,Luxury,1,12,2064.83,24778.01,Apparel,80,58,TRUE
#DEMO0254,53,Female,Urban,221466,Lifestyle,3,14,2198.99,30785.83,Apparel,63,28,TRUE
#DEMO0255,51,Female,Suburban,351687,Lifestyle,1,15,2204.87,33073.1,Apparel,85,43,TRUE
#DEMO0256,53,Female,Suburban,236442,Luxury,5,10,2112.47,21124.67,Apparel,58,34,TRUE
#DEMO0257,49,Female,Suburban,281506,Lifestyle,2,9,1579.65,14216.86,Apparel,80,39,TRUE
#DEMO0258,50,Female,Suburban,302474,Luxury,3,12,1474.22,17690.66,Apparel,74,38,TRUE
#DEMO0259,50,Female,Urban,296825,Fashion,3,15,1544.5,23167.49,Apparel,78,52,TRUE
#DEMO0260,53,Female,Urban,252330,Fashion,3,14,2243.64,31410.95,Apparel,88,48,TRUE
#DEMO0261,50,Female,Suburban,272522,Lifestyle,3,15,1761.17,26417.62,Apparel,96,30,TRUE
#DEMO0262,53,Female,Suburban,317772,Fashion,3,15,1590.48,23857.27,Apparel,63,53,TRUE
#DEMO0263,52,Female,Urban,190771,Luxury,2,12,1784.0,21408.04,Apparel,49,27,TRUE
#DEMO0264,50,Female,Urban,193599,Luxury,1,12,1746.43,20957.2,Apparel,97,34,TRUE
#DEMO0265,50,Female,Urban,268356,Lifestyle,3,14,2005.57,28077.95,Apparel,63,25,TRUE
#DEMO0266,52,Female,Suburban,345480,Lifestyle,3,10,2113.28,21132.77,Apparel,61,72,TRUE
#DEMO0267,51,Female,Urban,198171,Luxury,3,13,2116.81,27518.57,Apparel,72,25,TRUE
#DEMO0268,52,Female,Suburban,281114,Lifestyle,1,9,1321.56,11894.0,Apparel,72,26,TRUE
#DEMO0269,50,Female,Suburban,210895,Fashion,3,10,1355.12,13551.23,Apparel,75,32,TRUE
#DEMO0270,53,Female,Urban,251122,Luxury,2,12,2016.14,24193.7,Apparel,86,58,TRUE
#DEMO0271,53,Female,Suburban,343032,Fashion,1,14,2211.93,30967.06,Apparel,74,47,TRUE
#DEMO0272,53,Female,Urban,330836,Fashion,4,11,2116.29,23279.16,Apparel,86,61,TRUE
#DEMO0273,51,Female,Urban,301169,Fashion,5,15,1390.61,20859.21,Apparel,56,36,TRUE
#DEMO0274,50,Female,Urban,252460,Luxury,4,11,1684.37,18528.09,Apparel,95,50,TRUE
#DEMO0275,50,Female,Urban,244342,Luxury,2,9,2205.8,19852.23,Apparel,76,73,TRUE
#DEMO0276,51,Female,Urban,339741,Lifestyle,2,13,2253.47,29295.08,Apparel,87,67,TRUE
#DEMO0277,50,Female,Suburban,275896,Luxury,4,10,1365.97,13659.69,Apparel,89,57,TRUE
#DEMO0278,52,Female,Urban,351589,Lifestyle,4,11,2007.48,22082.25,Apparel,45,72,TRUE
#DEMO0279,50,Female,Suburban,305872,Fashion,2,9,1528.08,13752.68,Apparel,75,27,TRUE
#DEMO0280,52,Female,Urban,208129,Luxury,4,13,1764.06,22932.74,Apparel,95,38,TRUE
#DEMO0281,50,Female,Suburban,295725,Luxury,1,12,1861.87,22342.4,Apparel,61,68,TRUE
#DEMO0282,51,Female,Suburban,208082,Luxury,2,10,2034.12,20341.25,Apparel,61,52,TRUE
#DEMO0283,53,Female,Urban,236235,Fashion,2,12,1614.77,19377.26,Apparel,60,40,TRUE
#DEMO0284,49,Female,Suburban,250404,Luxury,5,11,1442.02,15862.25,Apparel,65,61,TRUE
#DEMO0285,53,Female,Urban,201226,Luxury,1,11,2237.35,24610.84,Apparel,50,65,TRUE
#DEMO0286,49,Female,Suburban,293352,Luxury,5,13,1833.84,23839.9,Apparel,98,51,TRUE
#DEMO0287,50,Female,Urban,232631,Luxury,2,10,1883.65,18836.54,Apparel,87,35,TRUE
#DEMO0288,50,Female,Suburban,320588,Fashion,1,12,1793.42,21521.02,Apparel,55,62,TRUE
#DEMO0289,52,Female,Urban,284334,Lifestyle,3,9,1735.8,15622.23,Apparel,65,30,TRUE
#DEMO0290,51,Female,Urban,335209,Luxury,2,12,1569.75,18837.06,Apparel,75,71,TRUE
#DEMO0291,52,Female,Urban,243514,Fashion,3,9,1770.53,15934.81,Apparel,51,26,TRUE
#DEMO0292,49,Female,Suburban,193147,Lifestyle,1,14,2299.3,32190.16,Apparel,87,58,TRUE
#DEMO0293,52,Female,Urban,319424,Lifestyle,2,11,1697.02,18667.23,Apparel,92,48,TRUE
#DEMO0294,49,Female,Urban,291872,Lifestyle,4,9,1709.61,15386.5,Apparel,52,74,TRUE
#DEMO0295,53,Female,Urban,313107,Lifestyle,4,9,1765.2,15886.79,Apparel,47,54,TRUE
#DEMO0296,50,Female,Urban,269693,Fashion,5,10,2225.41,22254.1,Apparel,78,56,TRUE
#DEMO0297,53,Female,Suburban,300154,Fashion,4,12,1676.76,20121.14,Apparel,68,54,TRUE
#DEMO0298,52,Female,Suburban,329047,Luxury,2,10,1727.59,17275.87,Apparel,99,53,TRUE
#DEMO0299,51,Female,Urban,223381,Fashion,5,13,1713.5,22275.47,Apparel,55,29,TRUE
#DEMO0300,49,Female,Urban,191084,Fashion,3,9,2096.56,18869.06,Apparel,79,29,TRUE
#DEMO0301,53,Female,Urban,261644,Luxury,3,14,2102.06,29428.86,Apparel,54,60,TRUE
#DEMO0302,50,Female,Suburban,289132,Lifestyle,3,13,1439.88,18718.47,Apparel,90,56,TRUE
#DEMO0303,52,Female,Suburban,308588,Lifestyle,4,15,1723.09,25846.37,Apparel,79,62,TRUE
#DEMO0304,49,Female,Urban,218290,Fashion,5,13,1706.21,22180.73,Apparel,97,40,TRUE
#DEMO0305,49,Female,Suburban,207201,Lifestyle,1,15,1836.03,27540.5,Apparel,78,27,TRUE
#DEMO0306,49,Female,Suburban,262035,Fashion,3,9,1359.12,12232.05,Apparel,90,58,TRUE
#DEMO0307,53,Female,Urban,345523,Lifestyle,4,9,1467.59,13208.35,Apparel,90,40,TRUE
#DEMO0308,52,Female,Urban,218843,Fashion,5,9,1320.69,11886.25,Apparel,86,64,TRUE
#DEMO0309,51,Female,Suburban,343444,Luxury,2,14,1831.04,25634.5,Apparel,89,49,TRUE
#DEMO0310,53,Female,Urban,232215,Lifestyle,2,14,1943.88,27214.29,Apparel,91,38,TRUE
#DEMO0311,49,Female,Urban,196466,Luxury,2,11,2252.32,24775.55,Apparel,47,33,TRUE
#DEMO0312,51,Female,Urban,254900,Lifestyle,1,12,1603.55,19242.62,Apparel,68,56,TRUE
#DEMO0313,50,Female,Urban,197819,Luxury,5,10,2178.22,21782.16,Apparel,82,70,TRUE
#DEMO0314,52,Female,Suburban,207039,Fashion,3,14,2286.54,32011.61,Apparel,100,60,TRUE
#DEMO0315,50,Female,Urban,321667,Lifestyle,2,13,1735.14,22556.76,Apparel,68,69,TRUE
#DEMO0316,49,Female,Urban,207927,Lifestyle,5,10,1466.12,14661.16,Apparel,88,29,TRUE
#DEMO0317,50,Female,Urban,256289,Lifestyle,3,9,1891.35,17022.19,Apparel,64,26,TRUE
#DEMO0318,50,Female,Suburban,311790,Fashion,2,12,1536.56,18438.74,Apparel,96,46,TRUE
#DEMO0319,52,Female,Urban,214375,Fashion,3,11,2279.99,25079.87,Apparel,87,56,TRUE
#DEMO0320,53,Female,Suburban,227135,Lifestyle,1,13,2133.13,27730.63,Apparel,94,54,TRUE
#DEMO0321,49,Female,Suburban,322528,Luxury,2,10,1348.15,13481.54,Apparel,62,51,TRUE
#DEMO0322,52,Female,Urban,337015,Luxury,4,15,1790.09,26851.41,Apparel,46,46,TRUE
#DEMO0323,52,Female,Urban,333502,Lifestyle,3,14,2083.41,29167.76,Apparel,77,29,TRUE
#DEMO0324,50,Female,Suburban,313363,Lifestyle,4,11,1840.32,20243.5,Apparel,61,53,TRUE
#DEMO0325,50,Female,Urban,340107,Luxury,2,14,1633.53,22869.4,Apparel,54,38,TRUE
#DEMO0326,50,Female,Suburban,217152,Luxury,3,10,1783.88,17838.77,Apparel,51,27,TRUE
#DEMO0327,50,Female,Suburban,278758,Lifestyle,5,12,1644.04,19728.51,Apparel,62,56,TRUE
#DEMO0328,53,Female,Suburban,307373,Luxury,1,10,1390.93,13909.26,Apparel,84,74,TRUE
#DEMO0329,52,Female,Urban,314300,Lifestyle,5,12,1963.2,23558.43,Apparel,73,34,TRUE
#DEMO0330,52,Female,Urban,297693,Fashion,5,14,1708.89,23924.4,Apparel,56,57,TRUE
#DEMO0331,56,Female,Rural,264868,Family,66,10,1391.91,13919.08,Home & Kitchen,12,9,TRUE
#DEMO0332,46,Female,Rural,253947,Family,111,10,1227.63,12276.25,Home & Kitchen,24,12,FALSE
#DEMO0333,37,Male,Rural,144771,Family,127,10,1013.75,10137.54,Home & Kitchen,27,5,FALSE
#DEMO0334,36,Female,Rural,256822,Home improvement,113,9,1171.16,10540.45,Home & Kitchen,24,18,TRUE
#DEMO0335,49,Male,Rural,227764,Furniture,83,10,1248.78,12487.83,Home & Kitchen,16,21,FALSE
#DEMO0336,53,Female,Rural,276409,Furniture,113,9,1140.44,10263.98,Home & Kitchen,35,15,FALSE
#DEMO0337,35,Male,Rural,278794,Home improvement,107,8,1454.87,11638.94,Home & Kitchen,22,18,FALSE
#DEMO0338,38,Male,Rural,180880,Furniture,91,9,957.41,8616.72,Home & Kitchen,31,10,FALSE
#DEMO0339,44,Male,Rural,219743,Family,122,11,1455.47,16010.21,Home & Kitchen,25,15,FALSE
#DEMO0340,38,Female,Rural,208273,Furniture,118,10,1425.44,14254.4,Home & Kitchen,11,21,TRUE
#DEMO0341,37,Male,Suburban,187295,Home improvement,126,11,1495.53,16450.82,Home & Kitchen,32,8,TRUE
#DEMO0342,48,Male,Rural,258954,Family,69,9,1000.26,9002.37,Home & Kitchen,25,18,TRUE
#DEMO0343,56,Male,Suburban,131985,Family,66,8,1458.67,11669.38,Home & Kitchen,28,5,TRUE
#DEMO0344,44,Female,Rural,189675,Furniture,70,9,1249.07,11241.62,Home & Kitchen,14,13,TRUE
#DEMO0345,56,Male,Rural,252564,Furniture,114,7,966.59,6766.13,Home & Kitchen,11,10,FALSE
#DEMO0346,40,Male,Suburban,268669,Family,75,6,1210.78,7264.67,Home & Kitchen,34,14,FALSE
#DEMO0347,51,Female,Suburban,231209,Family,90,10,1467.09,14670.88,Home & Kitchen,17,6,TRUE
#DEMO0348,51,Female,Rural,242267,Furniture,107,10,1091.05,10910.48,Home & Kitchen,15,12,FALSE
#DEMO0349,35,Male,Suburban,143684,Family,71,6,957.81,5746.85,Home & Kitchen,32,17,FALSE
#DEMO0350,47,Female,Rural,199336,Furniture,77,9,1012.37,9111.36,Home & Kitchen,26,6,FALSE
#DEMO0351,44,Male,Suburban,137721,Home improvement,108,8,1497.91,11983.26,Home & Kitchen,11,21,TRUE
#DEMO0352,47,Female,Suburban,200031,Furniture,110,8,1099.39,8795.15,Home & Kitchen,27,22,TRUE
#DEMO0353,40,Female,Suburban,140975,Family,72,8,1331.42,10651.33,Home & Kitchen,10,16,FALSE
#DEMO0354,39,Female,Rural,202474,Home improvement,118,10,958.7,9587.01,Home & Kitchen,33,18,FALSE
#DEMO0355,57,Male,Suburban,203099,Family,86,8,1393.03,11144.22,Home & Kitchen,34,15,TRUE
#DEMO0356,39,Male,Suburban,149856,Home improvement,125,11,1093.79,12031.73,Home & Kitchen,14,12,FALSE
#DEMO0357,57,Female,Suburban,232253,Furniture,120,7,1272.28,8905.95,Home & Kitchen,22,6,TRUE
#DEMO0358,48,Female,Rural,235859,Home improvement,125,9,1286.06,11574.51,Home & Kitchen,30,21,TRUE
#DEMO0359,42,Male,Suburban,205191,Furniture,71,10,1048.58,10485.76,Home & Kitchen,28,22,TRUE
#DEMO0360,47,Male,Suburban,152097,Family,90,11,1098.35,12081.86,Home & Kitchen,14,8,TRUE
#DEMO0361,39,Female,Suburban,177016,Home improvement,117,11,1070.2,11772.19,Home & Kitchen,27,16,FALSE
#DEMO0362,44,Female,Rural,123593,Home improvement,121,7,1202.76,8419.32,Home & Kitchen,17,5,FALSE
#DEMO0363,40,Male,Suburban,266527,Furniture,98,11,976.77,10744.49,Home & Kitchen,21,8,TRUE
#DEMO0364,39,Male,Suburban,167489,Furniture,127,10,978.72,9787.2,Home & Kitchen,18,12,TRUE
#DEMO0365,58,Male,Rural,125737,Home improvement,121,6,1459.52,8757.12,Home & Kitchen,28,9,FALSE
#DEMO0366,47,Female,Rural,139394,Home improvement,86,11,1145.75,12603.3,Home & Kitchen,32,7,TRUE
#DEMO0367,56,Male,Suburban,260728,Home improvement,80,10,1414.66,14146.58,Home & Kitchen,20,5,FALSE
#DEMO0368,42,Male,Rural,155901,Home improvement,116,9,1229.7,11067.31,Home & Kitchen,28,7,TRUE
#DEMO0369,43,Male,Suburban,132704,Home improvement,120,9,1309.05,11781.47,Home & Kitchen,25,10,FALSE
#DEMO0370,47,Female,Suburban,236071,Home improvement,78,10,1492.48,14924.79,Home & Kitchen,27,18,FALSE
#DEMO0371,36,Female,Suburban,132566,Furniture,108,8,950.83,7606.68,Home & Kitchen,11,9,TRUE
#DEMO0372,46,Male,Rural,193414,Home improvement,94,8,1452.11,11616.91,Home & Kitchen,25,11,TRUE
#DEMO0373,43,Male,Rural,137415,Home improvement,105,7,1311.53,9180.71,Home & Kitchen,15,14,TRUE
#DEMO0374,54,Male,Rural,225499,Family,96,7,1116.36,7814.5,Home & Kitchen,10,16,FALSE
#DEMO0375,57,Male,Rural,196546,Family,104,6,1399.34,8396.03,Home & Kitchen,25,12,TRUE
#DEMO0376,58,Male,Suburban,271557,Family,107,8,1453.47,11627.78,Home & Kitchen,25,7,FALSE
#DEMO0377,47,Male,Rural,264109,Furniture,102,6,1457.32,8743.93,Home & Kitchen,31,11,TRUE
#DEMO0378,53,Female,Rural,202768,Family,128,11,1021.26,11233.83,Home & Kitchen,31,19,TRUE
#DEMO0379,40,Male,Rural,275186,Family,94,7,1180.68,8264.76,Home & Kitchen,29,21,FALSE
#DEMO0380,52,Female,Rural,252213,Furniture,110,7,1045.61,7319.25,Home & Kitchen,34,10,FALSE
#DEMO0381,43,Male,Rural,155622,Furniture,118,10,1494.51,14945.1,Home & Kitchen,11,7,TRUE
#DEMO0382,41,Female,Suburban,268424,Furniture,81,6,1255.79,7534.76,Home & Kitchen,20,20,TRUE
#DEMO0383,47,Female,Rural,173083,Home improvement,128,10,929.22,9292.18,Home & Kitchen,21,9,TRUE
#DEMO0384,39,Female,Suburban,150483,Family,98,8,1165.07,9320.53,Home & Kitchen,31,6,TRUE
#DEMO0385,57,Male,Rural,216023,Family,127,10,1031.95,10319.54,Home & Kitchen,34,6,TRUE
#DEMO0386,44,Female,Rural,230983,Home improvement,76,8,1212.72,9701.78,Home & Kitchen,29,13,FALSE
#DEMO0387,55,Male,Rural,176384,Family,86,10,1303.99,13039.87,Home & Kitchen,31,10,TRUE
#DEMO0388,39,Female,Suburban,137597,Furniture,92,8,1103.86,8830.84,Home & Kitchen,16,8,FALSE
#DEMO0389,43,Male,Suburban,133080,Furniture,61,11,1446.93,15916.21,Home & Kitchen,29,13,FALSE
#DEMO0390,36,Male,Suburban,225252,Family,68,9,1359.91,12239.17,Home & Kitchen,10,11,FALSE
#DEMO0391,55,Female,Suburban,167339,Furniture,94,9,1101.18,9910.63,Home & Kitchen,12,14,FALSE
#DEMO0392,58,Female,Suburban,207170,Furniture,85,9,1012.31,9110.79,Home & Kitchen,14,5,FALSE
#DEMO0393,40,Male,Suburban,254066,Furniture,78,11,1215.82,13373.97,Home & Kitchen,19,12,TRUE
#DEMO0394,51,Female,Rural,226774,Family,81,9,904.67,8142.0,Home & Kitchen,25,6,FALSE
#DEMO0395,51,Male,Rural,250146,Home improvement,105,6,920.56,5523.36,Home & Kitchen,22,14,TRUE
#DEMO0396,40,Female,Suburban,180589,Family,73,7,1172.62,8208.35,Home & Kitchen,11,22,TRUE
#DEMO0397,54,Male,Suburban,240874,Family,74,8,1499.95,11999.62,Home & Kitchen,33,15,TRUE
#DEMO0398,55,Male,Suburban,152883,Furniture,128,7,1267.45,8872.12,Home & Kitchen,29,19,FALSE
#DEMO0399,41,Male,Rural,255093,Family,67,6,1232.39,7394.33,Home & Kitchen,10,10,TRUE
#DEMO0400,48,Male,Suburban,140449,Home improvement,75,11,928.1,10209.06,Home & Kitchen,33,19,FALSE
#DEMO0401,36,Male,Rural,156071,Home improvement,107,6,1076.15,6456.92,Home & Kitchen,31,6,TRUE
#DEMO0402,53,Female,Suburban,187571,Family,86,10,1189.65,11896.47,Home & Kitchen,18,13,TRUE
#DEMO0403,52,Male,Rural,149044,Furniture,107,7,1395.6,9769.22,Home & Kitchen,27,9,FALSE
#DEMO0404,46,Male,Suburban,249012,Home improvement,126,7,1196.99,8378.9,Home & Kitchen,24,13,FALSE
#DEMO0405,45,Female,Suburban,192245,Family,63,7,1354.12,9478.87,Home & Kitchen,13,17,FALSE
#DEMO0406,53,Male,Suburban,189334,Furniture,88,11,1126.1,12387.14,Home & Kitchen,33,21,TRUE
#DEMO0407,45,Male,Rural,263758,Home improvement,82,6,1253.07,7518.41,Home & Kitchen,30,19,TRUE
#DEMO0408,43,Male,Suburban,125554,Furniture,85,6,1011.43,6068.58,Home & Kitchen,10,6,FALSE
#DEMO0409,43,Male,Suburban,166022,Furniture,117,9,981.89,8836.99,Home & Kitchen,34,7,FALSE
#DEMO0410,49,Female,Rural,223264,Home improvement,107,10,1355.54,13555.41,Home & Kitchen,28,11,TRUE
#DEMO0411,54,Male,Rural,168046,Family,75,6,929.33,5575.97,Home & Kitchen,25,12,FALSE
#DEMO0412,41,Female,Suburban,201293,Home improvement,124,6,1204.03,7224.16,Home & Kitchen,16,18,FALSE
#DEMO0413,46,Female,Suburban,168532,Family,126,8,1059.01,8472.04,Home & Kitchen,27,17,FALSE
#DEMO0414,57,Female,Rural,246158,Family,77,6,945.47,5672.79,Home & Kitchen,12,8,FALSE
#DEMO0415,54,Female,Rural,139081,Family,117,8,1172.18,9377.42,Home & Kitchen,24,15,FALSE
#DEMO0416,57,Female,Rural,214281,Furniture,128,7,1300.75,9105.28,Home & Kitchen,30,8,TRUE
#DEMO0417,43,Female,Rural,204123,Home improvement,78,11,1161.72,12778.95,Home & Kitchen,27,13,TRUE
#DEMO0418,36,Male,Rural,196293,Furniture,109,7,1164.7,8152.87,Home & Kitchen,28,22,TRUE
#DEMO0419,39,Female,Rural,194990,Family,74,11,1432.1,15753.08,Home & Kitchen,32,10,TRUE
#DEMO0420,37,Female,Suburban,184279,Furniture,105,6,921.78,5530.7,Home & Kitchen,24,11,TRUE
#DEMO0421,52,Female,Suburban,237023,Home improvement,78,8,1306.89,10455.15,Home & Kitchen,32,13,FALSE
#DEMO0422,36,Male,Rural,203338,Family,123,11,1077.36,11850.91,Home & Kitchen,32,15,FALSE
#DEMO0423,35,Female,Rural,259563,Furniture,125,6,953.35,5720.11,Home & Kitchen,17,20,FALSE
#DEMO0424,37,Male,Suburban,196594,Family,69,10,1264.22,12642.18,Home & Kitchen,31,6,TRUE
#DEMO0425,36,Male,Rural,214181,Furniture,80,10,1430.36,14303.61,Home & Kitchen,29,7,FALSE
#DEMO0426,35,Male,Rural,265741,Family,101,7,1390.35,9732.43,Home & Kitchen,34,16,FALSE
#DEMO0427,54,Female,Rural,148643,Family,70,11,1020.21,11222.31,Home & Kitchen,28,18,TRUE
#DEMO0428,50,Female,Rural,151026,Family,82,11,1295.78,14253.61,Home & Kitchen,30,21,FALSE
#DEMO0429,44,Female,Suburban,267861,Family,85,10,1274.85,12748.47,Home & Kitchen,32,11,TRUE
#DEMO0430,45,Male,Suburban,197614,Furniture,69,9,949.78,8548.04,Home & Kitchen,16,16,FALSE
#DEMO0431,44,Male,Suburban,278596,Family,91,7,1000.43,7003.04,Home & Kitchen,23,6,FALSE
#DEMO0432,43,Male,Rural,180499,Furniture,77,8,925.66,7405.28,Home & Kitchen,32,11,TRUE
#DEMO0433,52,Male,Rural,132109,Family,89,10,1112.07,11120.66,Home & Kitchen,24,8,TRUE
#DEMO0434,45,Female,Suburban,226044,Family,116,7,1195.13,8365.92,Home & Kitchen,27,16,TRUE
#DEMO0435,55,Female,Rural,242551,Family,117,6,1470.92,8825.52,Home & Kitchen,21,18,TRUE
#DEMO0436,57,Female,Suburban,123241,Home improvement,73,11,1495.62,16451.77,Home & Kitchen,33,22,TRUE
#DEMO0437,38,Male,Suburban,132185,Furniture,81,6,901.29,5407.74,Home & Kitchen,17,19,TRUE
#DEMO0438,45,Male,Suburban,183530,Home improvement,123,8,1456.83,11654.65,Home & Kitchen,35,11,TRUE
#DEMO0439,37,Female,Rural,180169,Home improvement,72,7,972.14,6804.98,Home & Kitchen,35,19,FALSE
#DEMO0440,51,Female,Rural,240677,Furniture,96,8,989.1,7912.76,Home & Kitchen,15,17,TRUE
#DEMO0441,55,Female,Suburban,134458,Furniture,117,11,1178.77,12966.52,Home & Kitchen,31,15,FALSE
#DEMO0442,47,Female,Rural,172705,Furniture,117,7,1168.01,8176.07,Home & Kitchen,14,22,TRUE
#DEMO0443,43,Male,Suburban,223636,Family,107,9,1084.62,9761.58,Home & Kitchen,11,8,TRUE
#DEMO0444,49,Male,Suburban,240453,Furniture,80,10,986.3,9862.99,Home & Kitchen,21,12,TRUE
#DEMO0445,55,Female,Suburban,272802,Home improvement,112,9,1326.6,11939.42,Home & Kitchen,13,6,FALSE
#DEMO0446,40,Male,Suburban,150707,Furniture,74,10,980.7,9807.05,Home & Kitchen,13,15,FALSE
#DEMO0447,39,Female,Suburban,178258,Family,112,7,1108.04,7756.26,Home & Kitchen,14,14,FALSE
#DEMO0448,38,Female,Rural,140110,Home improvement,99,8,1002.44,8019.54,Home & Kitchen,14,20,TRUE
#DEMO0449,53,Female,Rural,274158,Furniture,73,9,1288.4,11595.63,Home & Kitchen,33,10,TRUE
#DEMO0450,46,Female,Suburban,265566,Home improvement,62,7,946.39,6624.75,Home & Kitchen,22,5,FALSE
#DEMO0451,45,Female,Suburban,254481,Furniture,65,7,932.91,6530.39,Home & Kitchen,23,18,TRUE
#DEMO0452,51,Female,Rural,213067,Family,130,11,1425.05,15675.55,Home & Kitchen,31,5,TRUE
#DEMO0453,53,Female,Suburban,278987,Furniture,96,10,1244.07,12440.65,Home & Kitchen,23,16,TRUE
#DEMO0454,56,Female,Suburban,225327,Furniture,82,8,913.34,7306.74,Home & Kitchen,32,16,FALSE
#DEMO0455,49,Female,Rural,235930,Furniture,79,9,913.03,8217.25,Home & Kitchen,29,5,TRUE
#DEMO0456,56,Male,Rural,163538,Family,125,11,1170.36,12874.0,Home & Kitchen,12,22,TRUE
#DEMO0457,38,Male,Suburban,174285,Family,116,8,1123.13,8985.05,Home & Kitchen,24,13,FALSE
#DEMO0458,57,Female,Suburban,167929,Furniture,95,9,1404.41,12639.71,Home & Kitchen,30,9,FALSE
#DEMO0459,45,Male,Suburban,177409,Home improvement,109,8,1289.36,10314.91,Home & Kitchen,30,6,TRUE
#DEMO0460,57,Male,Rural,195847,Furniture,86,11,940.9,10349.9,Home & Kitchen,34,9,FALSE
#DEMO0461,44,Female,Rural,132875,Family,114,8,1080.16,8641.28,Home & Kitchen,11,5,TRUE
#DEMO0462,41,Male,Suburban,251209,Family,62,11,1319.8,14517.8,Home & Kitchen,34,13,TRUE
#DEMO0463,53,Male,Suburban,273751,Family,92,10,1310.82,13108.16,Home & Kitchen,19,5,TRUE
#DEMO0464,49,Female,Rural,132701,Furniture,99,11,989.92,10889.15,Home & Kitchen,27,17,FALSE
#DEMO0465,56,Female,Suburban,148271,Family,122,10,1164.99,11649.86,Home & Kitchen,35,7,FALSE
#DEMO0466,45,Male,Suburban,240049,Furniture,70,6,981.5,5889.0,Home & Kitchen,31,20,TRUE
#DEMO0467,45,Male,Rural,136013,Family,74,10,1421.51,14215.08,Home & Kitchen,35,7,FALSE
#DEMO0468,58,Male,Rural,135035,Furniture,77,9,1231.91,11087.23,Home & Kitchen,12,8,FALSE
#DEMO0469,40,Male,Rural,123734,Home improvement,67,10,908.79,9087.89,Home & Kitchen,19,20,TRUE
#DEMO0470,45,Male,Rural,166986,Furniture,80,7,1105.63,7739.41,Home & Kitchen,17,6,FALSE
#DEMO0471,48,Female,Suburban,232322,Home improvement,100,9,1140.21,10261.93,Home & Kitchen,10,14,TRUE
#DEMO0472,53,Male,Suburban,228682,Family,93,7,922.94,6460.57,Home & Kitchen,29,10,TRUE
#DEMO0473,43,Female,Suburban,253869,Home improvement,101,7,1052.14,7365.0,Home & Kitchen,12,18,TRUE
#DEMO0474,52,Male,Rural,271832,Home improvement,76,6,1248.18,7489.08,Home & Kitchen,16,8,FALSE
#DEMO0475,38,Female,Suburban,218043,Furniture,109,7,1150.42,8052.91,Home & Kitchen,15,19,TRUE
#DEMO0476,35,Male,Rural,163597,Furniture,69,11,1480.18,16281.93,Home & Kitchen,20,18,FALSE
#DEMO0477,43,Male,Rural,182041,Family,77,6,1019.72,6118.33,Home & Kitchen,29,11,FALSE
#DEMO0478,51,Female,Suburban,125031,Home improvement,68,8,1219.74,9757.91,Home & Kitchen,26,9,TRUE
#DEMO0479,57,Male,Rural,200823,Furniture,124,11,1197.82,13176.03,Home & Kitchen,18,17,TRUE
#DEMO0480,58,Female,Rural,185866,Family,107,7,1156.71,8096.99,Home & Kitchen,21,7,TRUE
#DEMO0481,44,Female,Rural,175221,Family,69,10,1346.89,13468.86,Home & Kitchen,27,14,FALSE
#DEMO0482,36,Female,Rural,176876,Home improvement,89,6,1039.27,6235.62,Home & Kitchen,10,21,FALSE
#DEMO0483,45,Female,Suburban,230958,Family,74,7,1351.47,9460.29,Home & Kitchen,25,12,FALSE
#DEMO0484,46,Female,Suburban,207304,Family,91,8,1330.49,10643.89,Home & Kitchen,17,11,FALSE
#DEMO0485,46,Male,Suburban,145923,Home improvement,87,6,1108.58,6651.5,Home & Kitchen,14,13,FALSE
#DEMO0486,36,Male,Suburban,207232,Family,129,11,900.89,9909.81,Home & Kitchen,13,12,TRUE
#DEMO0487,44,Male,Rural,120263,Family,108,10,1452.26,14522.56,Home & Kitchen,28,10,TRUE
#DEMO0488,51,Male,Rural,168958,Furniture,64,7,1322.59,9258.13,Home & Kitchen,29,10,TRUE
#DEMO0489,51,Female,Suburban,124877,Family,75,8,1389.3,11114.38,Home & Kitchen,24,5,FALSE
#DEMO0490,44,Male,Rural,208152,Family,63,10,1374.24,13742.39,Home & Kitchen,28,13,FALSE
#DEMO0491,48,Female,Suburban,268877,Furniture,126,9,1366.55,12298.97,Home & Kitchen,28,9,FALSE
#DEMO0492,46,Male,Suburban,257423,Home improvement,74,9,924.92,8324.25,Home & Kitchen,21,21,FALSE
#DEMO0493,39,Female,Suburban,227900,Home improvement,120,9,1404.48,12640.36,Home & Kitchen,26,21,FALSE
#DEMO0494,56,Female,Suburban,253555,Furniture,74,7,1201.61,8411.25,Home & Kitchen,22,9,FALSE
#DEMO0495,45,Female,Suburban,262646,Home improvement,128,6,1272.13,7632.81,Home & Kitchen,28,16,TRUE
#DEMO0496,54,Male,Suburban,178081,Family,73,9,1414.5,12730.47,Home & Kitchen,18,6,TRUE
#DEMO0497,41,Female,Suburban,230894,Family,117,7,1453.09,10171.6,Home & Kitchen,20,14,TRUE
#DEMO0498,46,Female,Rural,232456,Family,77,10,1389.75,13897.48,Home & Kitchen,13,19,TRUE
#DEMO0499,40,Male,Suburban,126072,Furniture,130,7,1007.85,7054.97,Home & Kitchen,12,19,TRUE
#DEMO0500,45,Female,Rural,129220,Home improvement,69,7,1274.92,8924.42,Home & Kitchen,19,12,TRUE
#DEMO0501,49,Male,Rural,201859,Furniture,127,7,1251.12,8757.86,Home & Kitchen,28,9,FALSE
#DEMO0502,57,Female,Suburban,254594,Family,96,10,1357.57,13575.68,Home & Kitchen,11,13,TRUE
#DEMO0503,43,Male,Suburban,169909,Family,78,9,961.3,8651.67,Home & Kitchen,34,17,TRUE
#DEMO0504,54,Female,Rural,163216,Home improvement,106,6,1003.82,6022.95,Home & Kitchen,26,13,TRUE
#DEMO0505,48,Male,Suburban,200289,Home improvement,124,8,1007.15,8057.23,Home & Kitchen,29,20,TRUE
#DEMO0506,55,Female,Rural,175933,Family,102,9,977.0,8793.04,Home & Kitchen,23,14,TRUE
#DEMO0507,48,Male,Suburban,144367,Family,111,7,1043.65,7305.58,Home & Kitchen,10,5,TRUE
#DEMO0508,53,Male,Rural,232441,Family,69,8,1176.66,9413.25,Home & Kitchen,27,22,FALSE
#DEMO0509,56,Female,Rural,175902,Furniture,96,11,1443.91,15882.99,Home & Kitchen,25,10,TRUE
#DEMO0510,37,Male,Rural,239993,Family,125,11,1323.63,14559.93,Home & Kitchen,20,8,FALSE
#DEMO0511,42,Female,Suburban,140547,Family,96,7,966.04,6762.28,Home & Kitchen,26,11,FALSE
#DEMO0512,35,Female,Rural,215514,Home improvement,117,10,1384.23,13842.33,Home & Kitchen,29,16,FALSE
#DEMO0513,35,Female,Rural,132419,Furniture,72,8,918.3,7346.43,Home & Kitchen,35,11,FALSE
#DEMO0514,57,Male,Rural,126868,Family,122,11,1036.11,11397.19,Home & Kitchen,30,20,FALSE
#DEMO0515,46,Female,Rural,201837,Family,66,10,1460.11,14601.11,Home & Kitchen,29,7,FALSE
#DEMO0516,42,Female,Suburban,224660,Family,63,9,1016.89,9151.98,Home & Kitchen,20,6,FALSE
#DEMO0517,50,Female,Rural,264075,Family,109,6,954.54,5727.27,Home & Kitchen,13,15,TRUE
#DEMO0518,47,Female,Suburban,253018,Family,75,9,1385.88,12472.96,Home & Kitchen,27,8,TRUE
#DEMO0519,38,Female,Rural,143719,Home improvement,66,8,1313.56,10508.45,Home & Kitchen,26,19,TRUE
#DEMO0520,37,Female,Suburban,154721,Furniture,67,9,1481.38,13332.39,Home & Kitchen,35,18,FALSE
#DEMO0521,36,Female,Suburban,245956,Furniture,127,10,1105.0,11050.04,Home & Kitchen,28,8,FALSE
#DEMO0522,40,Male,Suburban,227160,Furniture,105,6,1259.61,7557.64,Home & Kitchen,13,11,TRUE
#DEMO0523,42,Male,Suburban,269440,Furniture,74,7,1281.78,8972.48,Home & Kitchen,24,15,TRUE
#DEMO0524,57,Male,Suburban,253354,Home improvement,65,11,1252.01,13772.06,Home & Kitchen,29,5,FALSE
#DEMO0525,43,Female,Rural,200288,Home improvement,98,8,1439.95,11519.62,Home & Kitchen,15,16,FALSE
#DEMO0526,36,Male,Rural,247463,Home improvement,81,6,1370.31,8221.84,Home & Kitchen,21,12,TRUE
#DEMO0527,41,Female,Rural,264298,Family,114,7,1295.69,9069.86,Home & Kitchen,17,14,TRUE
#DEMO0528,49,Female,Rural,160629,Furniture,113,7,1461.85,10232.93,Home & Kitchen,31,13,TRUE
#DEMO0529,49,Female,Rural,134030,Furniture,98,6,1203.08,7218.47,Home & Kitchen,15,5,FALSE
#DEMO0530,52,Male,Suburban,229524,Furniture,64,8,1363.07,10904.57,Home & Kitchen,23,22,TRUE
#DEMO0531,49,Female,Suburban,276978,Furniture,95,7,1241.61,8691.24,Home & Kitchen,18,8,TRUE
#DEMO0532,56,Female,Suburban,257302,Home improvement,63,7,943.62,6605.31,Home & Kitchen,33,16,FALSE
#DEMO0533,50,Female,Rural,155536,Home improvement,122,11,1445.75,15903.27,Home & Kitchen,12,8,FALSE
#DEMO0534,46,Female,Suburban,149205,Home improvement,81,6,1053.82,6322.94,Home & Kitchen,33,10,TRUE
#DEMO0535,52,Female,Rural,171748,Family,83,6,1036.45,6218.67,Home & Kitchen,16,13,FALSE
#DEMO0536,53,Male,Rural,272513,Furniture,75,7,1301.06,9107.4,Home & Kitchen,20,22,FALSE
#DEMO0537,53,Male,Rural,189119,Family,97,8,1291.49,10331.93,Home & Kitchen,21,5,TRUE
#DEMO0538,50,Male,Rural,172517,Family,65,9,1120.03,10080.26,Home & Kitchen,23,21,FALSE
#DEMO0539,46,Male,Rural,218326,Furniture,110,11,1252.19,13774.09,Home & Kitchen,14,14,FALSE
#DEMO0540,56,Female,Rural,178624,Home improvement,95,6,1308.19,7849.12,Home & Kitchen,17,15,FALSE
#DEMO0541,35,Female,Suburban,184845,Home improvement,93,7,1429.08,10003.53,Home & Kitchen,10,6,TRUE
#DEMO0542,35,Male,Rural,197976,Family,94,10,1103.57,11035.72,Home & Kitchen,15,20,TRUE
#DEMO0543,57,Female,Suburban,252891,Furniture,95,11,1468.16,16149.8,Home & Kitchen,34,7,FALSE
#DEMO0544,35,Male,Suburban,224268,Home improvement,87,8,1283.81,10270.51,Home & Kitchen,32,17,TRUE
#DEMO0545,58,Female,Rural,156831,Family,92,9,1412.63,12713.7,Home & Kitchen,13,11,FALSE
#DEMO0546,45,Female,Suburban,148720,Home improvement,95,7,1193.77,8356.38,Home & Kitchen,25,16,FALSE
#DEMO0547,53,Female,Suburban,186303,Family,78,11,929.52,10224.77,Home & Kitchen,20,9,TRUE
#DEMO0548,46,Female,Rural,152093,Family,121,6,1339.16,8034.98,Home & Kitchen,14,15,FALSE
#DEMO0549,45,Male,Rural,175485,Home improvement,120,11,1494.69,16441.61,Home & Kitchen,35,18,TRUE
#DEMO0550,47,Male,Suburban,141300,Family,123,6,960.82,5764.9,Home & Kitchen,23,14,FALSE
#DEMO0551,54,Male,Rural,167713,Family,113,10,1358.8,13587.96,Home & Kitchen,15,18,FALSE
#DEMO0552,57,Male,Rural,222504,Home improvement,63,6,915.85,5495.09,Home & Kitchen,35,19,FALSE
#DEMO0553,51,Male,Suburban,205001,Furniture,95,11,1480.94,16290.29,Home & Kitchen,15,8,TRUE
#DEMO0554,50,Female,Rural,243177,Family,77,6,1144.19,6865.17,Home & Kitchen,19,11,TRUE
#DEMO0555,54,Male,Rural,241638,Furniture,77,8,1028.81,8230.44,Home & Kitchen,18,15,FALSE
#DEMO0556,53,Male,Rural,217919,Home improvement,101,11,1251.91,13771.06,Home & Kitchen,31,10,TRUE
#DEMO0557,50,Male,Suburban,185677,Home improvement,111,6,1032.4,6194.43,Home & Kitchen,29,5,FALSE
#DEMO0558,45,Male,Rural,185869,Furniture,110,10,1418.81,14188.1,Home & Kitchen,35,18,FALSE
#DEMO0559,43,Female,Rural,264854,Family,77,10,1011.02,10110.21,Home & Kitchen,32,15,TRUE
#DEMO0560,42,Male,Suburban,212121,Furniture,127,8,1446.71,11573.67,Home & Kitchen,12,18,FALSE
#DEMO0561,43,Male,Rural,253571,Furniture,78,9,1284.11,11557.03,Home & Kitchen,35,5,TRUE
#DEMO0562,46,Female,Suburban,194128,Home improvement,127,9,1190.93,10718.34,Home & Kitchen,13,17,FALSE
#DEMO0563,51,Male,Rural,233295,Furniture,78,8,1023.03,8184.26,Home & Kitchen,23,14,FALSE
#DEMO0564,39,Female,Rural,125245,Home improvement,114,11,1152.4,12676.38,Home & Kitchen,27,22,TRUE
#DEMO0565,52,Male,Rural,128879,Home improvement,89,9,1411.63,12704.65,Home & Kitchen,35,14,TRUE
#DEMO0566,51,Female,Rural,155133,Home improvement,110,7,1387.52,9712.65,Home & Kitchen,30,7,TRUE
#DEMO0567,51,Female,Suburban,140391,Family,67,9,1178.94,10610.46,Home & Kitchen,33,9,TRUE
#DEMO0568,42,Female,Suburban,204223,Home improvement,80,7,986.14,6902.99,Home & Kitchen,20,8,FALSE
#DEMO0569,42,Male,Suburban,277598,Home improvement,110,11,1186.51,13051.56,Home & Kitchen,18,15,FALSE
#DEMO0570,43,Female,Rural,166681,Family,115,8,1125.43,9003.45,Home & Kitchen,12,9,FALSE
#DEMO0571,43,Male,Rural,166230,Home improvement,127,11,1154.55,12700.0,Home & Kitchen,30,11,FALSE
#DEMO0572,56,Female,Rural,154496,Family,94,9,1469.49,13225.43,Home & Kitchen,18,9,TRUE
#DEMO0573,56,Male,Rural,159720,Family,129,9,1188.47,10696.24,Home & Kitchen,28,12,FALSE
#DEMO0574,43,Female,Suburban,142549,Family,99,8,934.73,7477.86,Home & Kitchen,30,15,TRUE
#DEMO0575,49,Male,Suburban,221672,Home improvement,100,11,1011.02,11121.17,Home & Kitchen,32,7,TRUE
#DEMO0576,58,Male,Suburban,255821,Home improvement,88,10,1286.43,12864.34,Home & Kitchen,14,14,FALSE
#DEMO0577,37,Male,Suburban,201174,Family,95,6,1347.78,8086.69,Home & Kitchen,30,14,FALSE
#DEMO0578,58,Male,Rural,167060,Furniture,84,8,1194.88,9559.04,Home & Kitchen,22,6,TRUE
#DEMO0579,53,Male,Rural,132008,Furniture,90,6,905.0,5430.02,Home & Kitchen,31,8,FALSE
#DEMO0580,52,Male,Rural,206313,Furniture,83,9,1112.36,10011.2,Home & Kitchen,17,14,TRUE
#DEMO0581,48,Male,Suburban,176357,Home improvement,112,7,1036.08,7252.57,Home & Kitchen,11,15,TRUE
#DEMO0582,37,Female,Suburban,220826,Home improvement,74,9,1237.59,11138.28,Home & Kitchen,21,19,FALSE
#DEMO0583,50,Male,Rural,255168,Home improvement,71,8,1171.69,9373.51,Home & Kitchen,31,21,FALSE
#DEMO0584,56,Female,Suburban,193446,Furniture,130,10,1487.89,14878.86,Home & Kitchen,27,21,TRUE
#DEMO0585,54,Female,Rural,224404,Furniture,64,7,1250.05,8750.32,Home & Kitchen,22,7,TRUE
#DEMO0586,43,Male,Rural,147105,Furniture,103,8,1119.43,8955.41,Home & Kitchen,29,8,TRUE
#DEMO0587,48,Male,Rural,256939,Furniture,66,10,1252.58,12525.8,Home & Kitchen,11,11,FALSE
#DEMO0588,48,Male,Suburban,202384,Family,71,9,1071.2,9640.83,Home & Kitchen,21,17,TRUE
#DEMO0589,52,Female,Suburban,247327,Family,95,9,1076.13,9685.21,Home & Kitchen,24,5,FALSE
#DEMO0590,48,Female,Rural,216537,Furniture,71,7,1234.93,8644.49,Home & Kitchen,30,22,TRUE
#DEMO0591,40,Female,Rural,216803,Family,65,11,1085.68,11942.43,Home & Kitchen,23,12,TRUE
#DEMO0592,57,Male,Rural,195699,Furniture,113,8,1397.25,11178.04,Home & Kitchen,28,14,FALSE
#DEMO0593,50,Male,Rural,127145,Furniture,74,7,1349.67,9447.69,Home & Kitchen,12,17,FALSE
#DEMO0594,46,Male,Rural,271592,Furniture,89,10,1371.44,13714.35,Home & Kitchen,28,15,FALSE
#DEMO0595,42,Male,Suburban,205481,Family,129,8,1472.91,11783.29,Home & Kitchen,16,13,FALSE
#DEMO0596,47,Male,Rural,131222,Furniture,85,8,1030.54,8244.33,Home & Kitchen,21,19,TRUE
#DEMO0597,45,Male,Suburban,146161,Family,125,7,1497.83,10484.79,Home & Kitchen,24,7,TRUE
#DEMO0598,54,Male,Suburban,126002,Family,78,8,1407.21,11257.66,Home & Kitchen,33,6,FALSE
#DEMO0599,35,Male,Rural,213082,Family,83,9,1171.29,10541.59,Home & Kitchen,11,21,FALSE
#DEMO0600,52,Female,Suburban,234639,Home improvement,91,9,1010.57,9095.14,Home & Kitchen,12,19,FALSE
#DEMO0601,37,Female,Urban,141275,Gaming,12,1,1854.17,1854.17,Electronics,76,46,FALSE
#DEMO0602,30,Female,Urban,108006,Technology,3,1,1687.38,1687.38,Electronics,41,29,FALSE
#DEMO0603,27,Female,Urban,189519,Gaming,4,3,1527.85,4583.55,Electronics,47,30,FALSE
#DEMO0604,26,Male,Suburban,187604,Technology,9,2,1900.56,3801.13,Electronics,62,25,FALSE
#DEMO0605,32,Male,Urban,213108,Technology,3,2,1408.69,2817.38,Electronics,77,50,FALSE
#DEMO0606,37,Female,Urban,93338,Technology,11,2,1645.84,3291.68,Electronics,39,36,FALSE
#DEMO0607,30,Female,Urban,117565,Gaming,9,3,1725.65,5176.95,Electronics,60,20,TRUE
#DEMO0608,27,Male,Suburban,179246,Digital products,8,3,1102.9,3308.69,Electronics,41,50,TRUE
#DEMO0609,35,Female,Urban,166054,Gaming,11,1,1727.9,1727.9,Electronics,31,22,TRUE
#DEMO0610,33,Male,Suburban,149524,Technology,8,3,1954.1,5862.3,Electronics,54,29,FALSE
#DEMO0611,28,Male,Urban,168549,Digital products,2,1,1728.31,1728.31,Electronics,78,52,TRUE
#DEMO0612,39,Male,Urban,102541,Gaming,10,2,2011.36,4022.73,Electronics,53,48,TRUE
#DEMO0613,31,Female,Urban,134116,Digital products,8,1,2001.37,2001.37,Electronics,57,47,FALSE
#DEMO0614,40,Female,Urban,177049,Digital products,7,2,1359.23,2718.46,Electronics,80,30,TRUE
#DEMO0615,34,Male,Urban,97641,Technology,2,2,1481.23,2962.47,Electronics,61,38,TRUE
#DEMO0616,39,Male,Suburban,197326,Technology,4,1,1800.39,1800.39,Electronics,60,25,FALSE
#DEMO0617,27,Male,Suburban,146429,Digital products,3,2,1218.07,2436.14,Electronics,48,18,FALSE
#DEMO0618,40,Female,Urban,202002,Gaming,11,3,1665.07,4995.22,Electronics,54,31,TRUE
#DEMO0619,30,Female,Suburban,109264,Technology,3,3,2024.71,6074.12,Electronics,59,28,FALSE
#DEMO0620,28,Male,Suburban,157451,Technology,12,3,1265.85,3797.54,Electronics,33,49,FALSE
#DEMO0621,35,Male,Urban,98851,Technology,7,2,1619.28,3238.56,Electronics,49,51,FALSE
#DEMO0622,34,Male,Suburban,160387,Digital products,14,2,1855.31,3710.62,Electronics,65,20,FALSE
#DEMO0623,28,Female,Suburban,142434,Digital products,10,3,1330.19,3990.56,Electronics,76,53,FALSE
#DEMO0624,31,Female,Suburban,116357,Digital products,4,1,1393.49,1393.49,Electronics,38,23,TRUE
#DEMO0625,25,Male,Urban,208659,Technology,3,1,1605.93,1605.93,Electronics,75,33,FALSE
#DEMO0626,36,Male,Suburban,109834,Gaming,7,3,1170.17,3510.51,Electronics,42,34,TRUE
#DEMO0627,30,Male,Suburban,200892,Gaming,5,3,1918.64,5755.91,Electronics,79,36,TRUE
#DEMO0628,33,Female,Suburban,137850,Gaming,5,3,1423.27,4269.81,Electronics,60,55,FALSE
#DEMO0629,37,Female,Suburban,128961,Technology,6,1,1765.11,1765.11,Electronics,39,35,FALSE
#DEMO0630,28,Female,Suburban,136586,Gaming,11,1,1945.38,1945.38,Electronics,37,24,FALSE
#DEMO0631,29,Female,Suburban,207578,Technology,4,1,2003.55,2003.55,Electronics,78,22,TRUE
#DEMO0632,29,Male,Suburban,92839,Gaming,2,2,1635.35,3270.71,Electronics,32,34,TRUE
#DEMO0633,32,Male,Suburban,188514,Gaming,13,1,1430.14,1430.14,Electronics,48,50,FALSE
#DEMO0634,30,Male,Urban,216099,Technology,7,3,1854.61,5563.84,Electronics,80,25,FALSE
#DEMO0635,34,Female,Suburban,93895,Digital products,13,3,1579.81,4739.44,Electronics,48,39,FALSE
#DEMO0636,40,Male,Urban,93171,Gaming,7,1,1464.51,1464.51,Electronics,69,53,FALSE
#DEMO0637,25,Male,Suburban,123987,Digital products,5,2,1332.01,2664.01,Electronics,57,23,TRUE
#DEMO0638,24,Male,Suburban,96739,Digital products,7,3,1948.52,5845.56,Electronics,65,34,FALSE
#DEMO0639,40,Female,Urban,110756,Gaming,12,1,1794.85,1794.85,Electronics,43,42,FALSE
#DEMO0640,32,Male,Suburban,102176,Gaming,14,3,1430.24,4290.73,Electronics,56,26,TRUE
#DEMO0641,24,Male,Urban,119510,Technology,3,1,1550.44,1550.44,Electronics,48,27,TRUE
#DEMO0642,25,Male,Suburban,103173,Digital products,9,1,1850.81,1850.81,Electronics,66,30,FALSE
#DEMO0643,26,Female,Suburban,115373,Gaming,4,1,1624.22,1624.22,Electronics,48,47,FALSE
#DEMO0644,28,Female,Suburban,130222,Gaming,6,3,2024.57,6073.72,Electronics,69,55,TRUE
#DEMO0645,31,Male,Urban,164462,Digital products,8,3,1192.05,3576.14,Electronics,32,23,TRUE
#DEMO0646,36,Male,Suburban,214898,Technology,11,3,2068.53,6205.58,Electronics,71,46,TRUE
#DEMO0647,35,Male,Suburban,189018,Gaming,11,1,1816.77,1816.77,Electronics,39,48,FALSE
#DEMO0648,30,Female,Suburban,194066,Technology,11,2,1213.38,2426.77,Electronics,49,38,TRUE
#DEMO0649,33,Male,Suburban,219168,Digital products,10,3,2050.61,6151.83,Electronics,35,22,FALSE
#DEMO0650,30,Male,Urban,175447,Technology,3,3,1320.17,3960.52,Electronics,59,27,FALSE
#DEMO0651,24,Male,Suburban,111820,Gaming,3,3,1864.45,5593.35,Electronics,37,20,TRUE
#DEMO0652,25,Female,Urban,91977,Technology,3,3,2023.31,6069.92,Electronics,66,22,TRUE
#DEMO0653,31,Male,Urban,167045,Technology,13,1,1293.7,1293.7,Electronics,74,50,TRUE
#DEMO0654,40,Male,Suburban,177319,Digital products,12,2,1307.44,2614.88,Electronics,42,25,FALSE
#DEMO0655,35,Female,Suburban,106398,Digital products,2,1,1891.71,1891.71,Electronics,67,24,FALSE
#DEMO0656,32,Male,Suburban,123653,Technology,7,1,1160.73,1160.73,Electronics,64,41,FALSE
#DEMO0657,39,Male,Urban,134745,Digital products,11,1,1937.49,1937.49,Electronics,31,26,TRUE
#DEMO0658,39,Female,Urban,124028,Gaming,8,2,1291.52,2583.04,Electronics,53,36,FALSE
#DEMO0659,39,Female,Suburban,120386,Digital products,9,2,1346.53,2693.07,Electronics,64,27,FALSE
#DEMO0660,25,Male,Urban,143161,Digital products,13,1,2089.85,2089.85,Electronics,39,39,TRUE
#DEMO0661,28,Female,Urban,175437,Digital products,4,1,2073.21,2073.21,Electronics,33,47,TRUE
#DEMO0662,25,Female,Suburban,184370,Technology,11,3,1266.84,3800.53,Electronics,54,38,FALSE
#DEMO0663,38,Female,Suburban,114374,Gaming,10,3,1216.04,3648.13,Electronics,57,46,TRUE
#DEMO0664,34,Male,Urban,192377,Technology,2,1,1934.19,1934.19,Electronics,57,34,FALSE
#DEMO0665,35,Male,Urban,92176,Gaming,3,3,1718.38,5155.13,Electronics,75,18,TRUE
#DEMO0666,36,Female,Urban,130401,Digital products,11,2,1519.79,3039.57,Electronics,66,38,TRUE
#DEMO0667,28,Male,Urban,197595,Digital products,6,3,1732.35,5197.05,Electronics,48,37,FALSE
#DEMO0668,38,Male,Suburban,174415,Gaming,5,1,1747.32,1747.32,Electronics,73,51,FALSE
#DEMO0669,25,Male,Suburban,131045,Technology,13,2,1980.67,3961.34,Electronics,74,34,TRUE
#DEMO0670,27,Female,Urban,159391,Gaming,8,2,1732.8,3465.59,Electronics,47,49,TRUE
#DEMO0671,30,Female,Suburban,189611,Digital products,9,1,1139.71,1139.71,Electronics,30,48,FALSE
#DEMO0672,24,Male,Suburban,198069,Gaming,3,2,1960.04,3920.07,Electronics,71,42,FALSE
#DEMO0673,38,Female,Suburban,170078,Digital products,3,1,1822.75,1822.75,Electronics,31,18,FALSE
#DEMO0674,29,Female,Urban,112806,Technology,5,2,1272.22,2544.44,Electronics,45,31,TRUE
#DEMO0675,27,Female,Urban,113006,Technology,4,1,1685.07,1685.07,Electronics,39,53,FALSE
#DEMO0676,27,Male,Suburban,197522,Gaming,5,1,1532.21,1532.21,Electronics,63,48,TRUE
#DEMO0677,40,Female,Urban,163856,Gaming,14,2,1741.88,3483.76,Electronics,50,36,TRUE
#DEMO0678,39,Male,Suburban,166235,Gaming,6,2,1520.77,3041.55,Electronics,42,46,TRUE
#DEMO0679,32,Male,Suburban,194964,Gaming,5,2,1661.89,3323.78,Electronics,79,24,TRUE
#DEMO0680,33,Male,Urban,178920,Technology,7,1,1496.3,1496.3,Electronics,39,35,TRUE
#DEMO0681,39,Male,Suburban,95930,Digital products,13,2,1611.63,3223.26,Electronics,64,21,FALSE
#DEMO0682,32,Female,Suburban,214520,Digital products,13,2,1239.12,2478.24,Electronics,50,18,FALSE
#DEMO0683,36,Female,Suburban,122796,Technology,12,2,1412.15,2824.29,Electronics,78,50,TRUE
#DEMO0684,39,Male,Urban,152323,Technology,13,1,1841.63,1841.63,Electronics,53,47,FALSE
#DEMO0685,35,Male,Suburban,173736,Technology,10,1,1318.08,1318.08,Electronics,65,37,TRUE
#DEMO0686,24,Male,Urban,201945,Gaming,5,2,1579.58,3159.15,Electronics,41,54,FALSE
#DEMO0687,24,Female,Urban,174706,Gaming,10,2,1235.23,2470.47,Electronics,62,46,FALSE
#DEMO0688,37,Female,Suburban,199162,Digital products,6,3,1593.35,4780.04,Electronics,49,19,FALSE
#DEMO0689,38,Female,Urban,103909,Gaming,12,1,1214.4,1214.4,Electronics,40,47,FALSE
#DEMO0690,40,Female,Urban,100439,Gaming,13,3,1496.21,4488.62,Electronics,36,47,FALSE
#DEMO0691,28,Female,Urban,96712,Technology,11,3,2068.94,6206.83,Electronics,46,49,FALSE
#DEMO0692,40,Female,Suburban,176374,Technology,7,1,1934.33,1934.33,Electronics,51,45,FALSE
#DEMO0693,33,Female,Suburban,145276,Technology,7,1,1982.26,1982.26,Electronics,48,22,TRUE
#DEMO0694,26,Female,Urban,217711,Digital products,14,3,1591.81,4775.42,Electronics,75,42,FALSE
#DEMO0695,33,Male,Urban,170628,Technology,12,1,1830.31,1830.31,Electronics,59,22,TRUE
#DEMO0696,26,Female,Urban,93743,Technology,7,1,2096.0,2096.0,Electronics,36,25,FALSE
#DEMO0697,28,Male,Urban,101942,Gaming,14,2,1997.98,3995.97,Electronics,47,49,FALSE
#DEMO0698,30,Male,Suburban,103928,Gaming,6,3,1872.46,5617.38,Electronics,78,18,TRUE
#DEMO0699,40,Male,Suburban,216185,Gaming,11,3,2055.18,6165.54,Electronics,59,33,FALSE
#DEMO0700,27,Male,Suburban,151158,Gaming,3,3,1887.9,5663.7,Electronics,41,55,TRUE
#DEMO0701,36,Male,Suburban,163284,Digital products,5,1,1174.82,1174.82,Electronics,52,47,TRUE
#DEMO0702,24,Male,Urban,158749,Technology,2,3,1519.31,4557.94,Electronics,30,29,FALSE
#DEMO0703,27,Male,Suburban,181302,Gaming,8,2,2094.48,4188.96,Electronics,36,35,TRUE
#DEMO0704,27,Female,Suburban,126578,Digital products,2,2,1797.01,3594.01,Electronics,73,38,TRUE
#DEMO0705,38,Female,Urban,140862,Technology,10,2,1814.78,3629.56,Electronics,33,21,TRUE
#DEMO0706,34,Male,Suburban,180755,Technology,2,3,1280.9,3842.69,Electronics,73,37,FALSE
#DEMO0707,30,Female,Suburban,148094,Gaming,3,3,1434.09,4302.28,Electronics,39,41,FALSE
#DEMO0708,33,Female,Urban,132138,Digital products,4,1,1318.59,1318.59,Electronics,80,52,FALSE
#DEMO0709,35,Male,Suburban,142432,Digital products,7,1,1344.35,1344.35,Electronics,48,48,TRUE
#DEMO0710,35,Female,Suburban,197421,Technology,3,1,1946.55,1946.55,Electronics,57,18,FALSE
#DEMO0711,25,Male,Suburban,112396,Technology,4,2,1416.69,2833.38,Electronics,50,39,TRUE
#DEMO0712,27,Male,Suburban,173938,Gaming,13,3,1595.23,4785.68,Electronics,39,47,TRUE
#DEMO0713,25,Female,Suburban,202313,Gaming,12,2,1434.62,2869.24,Electronics,78,41,FALSE
#DEMO0714,32,Male,Suburban,157453,Digital products,4,2,1902.75,3805.5,Electronics,73,50,TRUE
#DEMO0715,30,Male,Urban,104592,Technology,7,3,1189.03,3567.09,Electronics,44,45,TRUE
#DEMO0716,40,Male,Suburban,126268,Technology,6,2,1894.61,3789.21,Electronics,39,20,TRUE
#DEMO0717,24,Male,Urban,160404,Digital products,14,3,1399.03,4197.08,Electronics,75,46,FALSE
#DEMO0718,39,Male,Suburban,116772,Technology,2,2,2006.69,4013.39,Electronics,57,50,TRUE
#DEMO0719,31,Female,Urban,209043,Digital products,13,3,2008.22,6024.65,Electronics,41,18,TRUE
#DEMO0720,34,Female,Urban,178343,Gaming,11,1,1913.12,1913.12,Electronics,38,44,TRUE
#DEMO0721,37,Male,Urban,115459,Technology,14,3,1483.05,4449.16,Electronics,66,19,TRUE
#DEMO0722,24,Male,Urban,107884,Digital products,6,1,1817.23,1817.23,Electronics,80,20,FALSE
#DEMO0723,32,Female,Urban,195544,Digital products,8,1,1240.31,1240.31,Electronics,71,29,FALSE
#DEMO0724,30,Male,Suburban,182674,Technology,9,2,1664.58,3329.16,Electronics,74,38,TRUE
#DEMO0725,27,Female,Urban,212607,Digital products,12,1,1222.11,1222.11,Electronics,60,36,TRUE
#DEMO0726,35,Female,Urban,206517,Technology,11,3,1240.16,3720.47,Electronics,37,55,FALSE
#DEMO0727,36,Male,Suburban,119361,Technology,8,2,1997.99,3995.97,Electronics,35,27,FALSE
#DEMO0728,27,Male,Urban,217954,Technology,6,3,1666.13,4998.39,Electronics,44,38,FALSE
#DEMO0729,28,Female,Suburban,199272,Technology,14,1,1583.36,1583.36,Electronics,58,25,FALSE
#DEMO0730,39,Male,Urban,108406,Digital products,12,3,1442.73,4328.2,Electronics,77,51,FALSE
#DEMO0731,35,Female,Suburban,138048,Gaming,5,1,1864.44,1864.44,Electronics,76,46,FALSE
#DEMO0732,38,Male,Suburban,201696,Gaming,11,2,1944.83,3889.66,Electronics,44,47,TRUE
#DEMO0733,30,Male,Suburban,150254,Technology,10,1,1525.61,1525.61,Electronics,35,23,TRUE
#DEMO0734,35,Male,Suburban,142590,Technology,9,3,1492.14,4476.43,Electronics,37,23,FALSE
#DEMO0735,34,Male,Suburban,208254,Technology,11,3,1874.3,5622.89,Electronics,44,44,TRUE
#DEMO0736,30,Male,Suburban,116744,Digital products,6,3,2021.92,6065.77,Electronics,37,41,FALSE
#DEMO0737,32,Male,Urban,213617,Technology,11,2,2074.89,4149.77,Electronics,33,22,FALSE
#DEMO0738,24,Female,Suburban,149635,Digital products,3,3,1872.29,5616.86,Electronics,43,23,TRUE
#DEMO0739,26,Male,Suburban,200016,Technology,11,3,1519.53,4558.59,Electronics,69,19,FALSE
#DEMO0740,27,Female,Urban,158274,Gaming,9,1,1504.42,1504.42,Electronics,79,39,FALSE
#DEMO0741,24,Female,Urban,132089,Gaming,4,1,1395.82,1395.82,Electronics,45,44,FALSE
#DEMO0742,34,Male,Suburban,93694,Technology,9,1,1136.03,1136.03,Electronics,36,37,FALSE
#DEMO0743,36,Female,Urban,172284,Digital products,13,3,1100.82,3302.47,Electronics,42,54,TRUE
#DEMO0744,33,Female,Suburban,149528,Technology,7,1,1473.81,1473.81,Electronics,65,26,FALSE
#DEMO0745,34,Female,Urban,155379,Digital products,7,3,1939.17,5817.52,Electronics,32,52,TRUE
#DEMO0746,39,Male,Urban,174403,Technology,4,2,1213.87,2427.74,Electronics,50,39,TRUE
#DEMO0747,40,Female,Urban,151357,Gaming,3,1,1345.86,1345.86,Electronics,48,22,TRUE
#DEMO0748,36,Female,Urban,188412,Technology,5,3,1671.99,5015.97,Electronics,36,20,FALSE
#DEMO0749,25,Male,Urban,153964,Technology,7,3,1765.69,5297.06,Electronics,57,27,TRUE
#DEMO0750,29,Male,Suburban,178585,Digital products,5,2,1858.94,3717.89,Electronics,67,27,TRUE
#DEMO0751,28,Female,Urban,191636,Gaming,9,3,1915.22,5745.66,Electronics,60,28,FALSE
#DEMO0752,40,Male,Urban,207483,Gaming,12,3,1370.01,4110.03,Electronics,56,53,FALSE
#DEMO0753,35,Female,Suburban,163006,Gaming,7,1,1193.35,1193.35,Electronics,43,27,TRUE
#DEMO0754,35,Female,Urban,157415,Gaming,5,3,1189.18,3567.54,Electronics,37,21,FALSE
#DEMO0755,40,Female,Suburban,185755,Digital products,14,3,1335.79,4007.38,Electronics,74,46,FALSE
#DEMO0756,24,Female,Urban,207142,Gaming,14,1,1494.07,1494.07,Electronics,50,27,FALSE
#DEMO0757,40,Male,Suburban,115653,Technology,12,2,1369.79,2739.57,Electronics,33,53,FALSE
#DEMO0758,36,Female,Urban,156990,Gaming,3,2,1102.3,2204.6,Electronics,30,32,FALSE
#DEMO0759,33,Female,Urban,95550,Digital products,10,1,2095.48,2095.48,Electronics,74,33,FALSE
#DEMO0760,34,Female,Urban,181077,Gaming,2,3,1368.61,4105.84,Electronics,43,41,TRUE
#DEMO0761,33,Male,Urban,203259,Gaming,10,1,1429.0,1429.0,Electronics,51,18,TRUE
#DEMO0762,38,Male,Suburban,101727,Technology,12,1,1203.33,1203.33,Electronics,55,41,TRUE
#DEMO0763,35,Female,Urban,125408,Technology,8,2,1316.6,2633.21,Electronics,75,46,FALSE
#DEMO0764,27,Male,Urban,123669,Gaming,6,1,1887.82,1887.82,Electronics,61,31,FALSE
#DEMO0765,27,Female,Suburban,158135,Digital products,10,2,1757.03,3514.06,Electronics,57,54,FALSE
#DEMO0766,26,Male,Urban,195431,Digital products,8,1,1116.26,1116.26,Electronics,71,30,TRUE
#DEMO0767,32,Female,Urban,198093,Digital products,9,1,1296.14,1296.14,Electronics,61,20,TRUE
#DEMO0768,26,Male,Urban,196367,Technology,11,3,1868.04,5604.13,Electronics,30,40,TRUE
#DEMO0769,37,Female,Urban,206953,Gaming,9,3,1690.07,5070.2,Electronics,36,39,TRUE
#DEMO0770,31,Male,Urban,199215,Gaming,13,1,1311.53,1311.53,Electronics,63,36,TRUE
#DEMO0771,29,Female,Urban,119271,Digital products,4,2,1754.81,3509.63,Electronics,54,27,FALSE
#DEMO0772,27,Male,Suburban,116482,Technology,2,3,1735.25,5205.75,Electronics,47,22,TRUE
#DEMO0773,28,Female,Urban,130224,Technology,3,2,1692.45,3384.9,Electronics,78,33,FALSE
#DEMO0774,33,Female,Urban,91924,Gaming,3,1,1244.45,1244.45,Electronics,46,19,FALSE
#DEMO0775,26,Female,Suburban,99796,Gaming,12,1,1303.71,1303.71,Electronics,59,30,FALSE
#DEMO0776,24,Male,Urban,93783,Technology,4,3,1310.27,3930.8,Electronics,42,24,FALSE
#DEMO0777,29,Male,Suburban,170273,Technology,2,3,2032.46,6097.37,Electronics,69,24,TRUE
#DEMO0778,29,Male,Suburban,145242,Gaming,9,2,1548.22,3096.45,Electronics,61,39,FALSE
#DEMO0779,25,Male,Suburban,183432,Digital products,7,2,1228.24,2456.47,Electronics,50,23,FALSE
#DEMO0780,39,Male,Suburban,105578,Technology,11,2,1819.88,3639.77,Electronics,30,44,FALSE
#DEMO0781,34,Male,Suburban,195861,Digital products,7,2,1772.0,3544.0,Electronics,42,47,FALSE
#DEMO0782,29,Male,Urban,110953,Digital products,13,1,1327.54,1327.54,Electronics,32,43,FALSE
#DEMO0783,29,Male,Urban,149757,Technology,7,2,1173.17,2346.34,Electronics,39,34,TRUE
#DEMO0784,33,Female,Urban,149159,Digital products,5,1,1600.89,1600.89,Electronics,72,49,TRUE
#DEMO0785,30,Male,Urban,122021,Technology,8,3,1748.82,5246.46,Electronics,37,19,TRUE
#DEMO0786,40,Female,Suburban,178256,Gaming,14,3,1100.94,3302.81,Electronics,62,51,TRUE
#DEMO0787,24,Female,Urban,206859,Technology,10,2,1489.61,2979.23,Electronics,66,20,TRUE
#DEMO0788,33,Male,Suburban,167319,Digital products,7,3,1399.62,4198.87,Electronics,34,26,FALSE
#DEMO0789,30,Female,Suburban,149715,Digital products,14,3,1494.36,4483.08,Electronics,68,18,TRUE
#DEMO0790,26,Male,Suburban,173982,Digital products,14,2,1941.32,3882.63,Electronics,66,49,TRUE
#DEMO0791,32,Male,Urban,106832,Technology,7,2,1935.77,3871.54,Electronics,71,46,FALSE
#DEMO0792,31,Male,Suburban,104565,Gaming,10,3,1702.76,5108.28,Electronics,76,33,FALSE
#DEMO0793,35,Male,Urban,165496,Gaming,6,2,1861.5,3723.01,Electronics,68,48,TRUE
#DEMO0794,27,Female,Urban,136762,Technology,4,3,2006.5,6019.49,Electronics,41,41,FALSE
#DEMO0795,40,Female,Suburban,185099,Technology,10,1,2023.89,2023.89,Electronics,51,54,FALSE
#DEMO0796,30,Male,Suburban,184095,Digital products,8,1,1406.74,1406.74,Electronics,57,23,FALSE
#DEMO0797,36,Female,Suburban,122551,Technology,13,2,1654.13,3308.27,Electronics,67,24,TRUE
#DEMO0798,37,Female,Suburban,214434,Gaming,8,2,1236.49,2472.97,Electronics,62,49,FALSE
#DEMO0799,33,Female,Urban,176276,Technology,12,1,1630.6,1630.6,Electronics,50,29,TRUE
#DEMO0800,33,Female,Urban,99350,Digital products,14,1,1957.36,1957.36,Electronics,57,53,FALSE
#DEMO0801,24,Male,Urban,145005,Technology,13,1,1501.76,1501.76,Electronics,31,46,TRUE
#DEMO0802,38,Female,Urban,156557,Digital products,5,1,1599.55,1599.55,Electronics,42,29,FALSE
#DEMO0803,31,Female,Suburban,173071,Gaming,6,1,1820.87,1820.87,Electronics,47,46,FALSE
#DEMO0804,26,Female,Urban,203731,Technology,7,3,1446.71,4340.14,Electronics,42,54,FALSE
#DEMO0805,37,Female,Suburban,191960,Technology,2,2,1813.9,3627.8,Electronics,67,39,TRUE
#DEMO0806,39,Female,Suburban,117587,Technology,6,3,1170.55,3511.64,Electronics,67,19,TRUE
#DEMO0807,40,Male,Urban,172021,Digital products,4,1,1399.58,1399.58,Electronics,47,55,FALSE
#DEMO0808,32,Female,Urban,100788,Digital products,10,3,1332.02,3996.07,Electronics,33,39,FALSE
#DEMO0809,29,Male,Urban,182115,Digital products,4,3,1568.25,4704.74,Electronics,48,54,FALSE
#DEMO0810,26,Male,Urban,131401,Digital products,14,2,1882.83,3765.66,Electronics,77,39,TRUE
#DEMO0811,24,Female,Suburban,152791,Technology,10,1,1397.56,1397.56,Electronics,53,34,FALSE
#DEMO0812,34,Female,Suburban,92456,Digital products,2,1,1215.36,1215.36,Electronics,61,19,FALSE
#DEMO0813,40,Male,Urban,183681,Digital products,5,3,1310.32,3930.97,Electronics,72,37,FALSE
#DEMO0814,40,Male,Urban,105381,Technology,2,2,1233.65,2467.3,Electronics,73,21,TRUE
#DEMO0815,27,Female,Suburban,105480,Gaming,7,3,1879.55,5638.64,Electronics,69,46,TRUE
#DEMO0816,27,Male,Urban,208124,Technology,14,3,1899.77,5699.31,Electronics,41,23,FALSE
#DEMO0817,37,Male,Urban,144717,Gaming,4,1,1784.85,1784.85,Electronics,50,26,TRUE
#DEMO0818,25,Male,Suburban,125684,Gaming,5,1,1421.9,1421.9,Electronics,58,43,TRUE
#DEMO0819,38,Male,Suburban,164790,Digital products,4,2,1224.07,2448.13,Electronics,38,40,FALSE
#DEMO0820,35,Female,Suburban,142496,Digital products,7,1,1751.24,1751.24,Electronics,62,31,TRUE
#DEMO0821,30,Female,Suburban,181839,Gaming,3,1,1382.0,1382.0,Electronics,48,44,FALSE
#DEMO0822,36,Male,Urban,106370,Gaming,13,3,1488.49,4465.47,Electronics,40,35,TRUE
#DEMO0823,35,Male,Urban,209072,Digital products,9,3,2098.12,6294.35,Electronics,63,41,FALSE
#DEMO0824,33,Female,Suburban,94913,Gaming,9,3,1554.83,4664.48,Electronics,55,42,TRUE
#DEMO0825,36,Male,Urban,146259,Digital products,10,3,1181.39,3544.17,Electronics,61,27,FALSE
#DEMO0826,33,Male,Suburban,125431,Gaming,9,3,2055.36,6166.07,Electronics,65,45,TRUE
#DEMO0827,27,Female,Suburban,166413,Gaming,11,2,1499.01,2998.02,Electronics,30,50,FALSE
#DEMO0828,35,Male,Suburban,164310,Technology,7,3,1158.8,3476.39,Electronics,54,21,FALSE
#DEMO0829,29,Female,Urban,197765,Digital products,3,1,1176.27,1176.27,Electronics,30,25,TRUE
#DEMO0830,39,Female,Suburban,156361,Technology,3,3,1723.07,5169.22,Electronics,65,48,FALSE
#DEMO0831,36,Male,Urban,209424,Gaming,7,1,1552.89,1552.89,Electronics,74,26,TRUE
#DEMO0832,30,Female,Suburban,218368,Gaming,9,1,1111.21,1111.21,Electronics,48,53,FALSE
#DEMO0833,39,Male,Suburban,117428,Technology,10,3,1468.11,4404.33,Electronics,46,50,FALSE
#DEMO0834,28,Male,Suburban,191197,Digital products,7,3,1435.19,4305.57,Electronics,69,28,FALSE
#DEMO0835,30,Female,Suburban,184819,Gaming,3,2,1657.88,3315.75,Electronics,54,40,FALSE
#DEMO0836,31,Female,Urban,96896,Technology,9,3,1512.77,4538.32,Electronics,74,54,TRUE
#DEMO0837,28,Male,Urban,204817,Gaming,12,2,1663.65,3327.31,Electronics,30,40,TRUE
#DEMO0838,38,Male,Suburban,112781,Technology,11,3,1123.01,3369.04,Electronics,60,47,FALSE
#DEMO0839,36,Male,Urban,104141,Gaming,14,3,1230.25,3690.76,Electronics,55,28,FALSE
#DEMO0840,27,Female,Urban,209886,Technology,6,2,1386.74,2773.48,Electronics,61,22,TRUE
#DEMO0841,65,Male,Urban,79537,Self-learning,76,1,134.53,134.53,Books,6,9,TRUE
#DEMO0842,29,Male,Rural,95820,Education,67,1,134.91,134.91,Books,15,5,FALSE
#DEMO0843,42,Female,Rural,69993,Self-learning,45,1,232.57,232.57,Books,17,5,TRUE
#DEMO0844,35,Male,Suburban,90662,Education,85,1,138.61,138.61,Books,15,3,FALSE
#DEMO0845,26,Female,Urban,84415,Self-learning,44,2,202.66,405.33,Books,20,14,FALSE
#DEMO0846,53,Female,Rural,99782,Education,56,2,210.53,421.07,Books,18,4,TRUE
#DEMO0847,27,Female,Urban,87801,Education,32,2,252.54,505.07,Books,26,16,TRUE
#DEMO0848,48,Male,Rural,51913,Self-learning,61,1,234.15,234.15,Books,7,7,TRUE
#DEMO0849,37,Female,Rural,45587,Reading,77,2,250.18,500.36,Books,26,15,TRUE
#DEMO0850,53,Male,Rural,94913,Self-learning,59,1,179.88,179.88,Books,12,10,FALSE
#DEMO0851,61,Female,Suburban,92416,Reading,68,1,128.77,128.77,Books,16,15,TRUE
#DEMO0852,45,Female,Urban,94798,Education,75,1,184.2,184.2,Books,17,17,TRUE
#DEMO0853,42,Male,Rural,70566,Self-learning,74,2,244.53,489.07,Books,8,10,TRUE
#DEMO0854,22,Male,Suburban,98457,Reading,34,2,201.34,402.68,Books,18,16,FALSE
#DEMO0855,53,Male,Urban,73442,Self-learning,87,2,158.51,317.03,Books,22,17,FALSE
#DEMO0856,35,Female,Suburban,116173,Education,66,1,151.03,151.03,Books,9,16,TRUE
#DEMO0857,56,Male,Urban,101288,Reading,39,2,126.18,252.35,Books,12,13,TRUE
#DEMO0858,41,Male,Urban,113763,Reading,65,1,235.41,235.41,Books,24,3,TRUE
#DEMO0859,60,Male,Suburban,41507,Reading,59,1,190.99,190.99,Books,16,9,TRUE
#DEMO0860,33,Female,Urban,73652,Education,66,2,120.32,240.64,Books,12,18,TRUE
#DEMO0861,18,Male,Urban,39809,Education,51,1,99.88,99.88,Books,26,18,FALSE
#DEMO0862,39,Male,Rural,112556,Education,89,2,155.45,310.9,Books,5,17,TRUE
#DEMO0863,59,Female,Suburban,85794,Self-learning,32,1,157.57,157.57,Books,30,4,TRUE
#DEMO0864,50,Male,Suburban,38939,Education,67,1,241.32,241.32,Books,10,6,FALSE
#DEMO0865,45,Male,Urban,65267,Reading,34,2,100.75,201.49,Books,5,12,TRUE
#DEMO0866,64,Female,Rural,95498,Education,85,1,188.27,188.27,Books,26,5,FALSE
#DEMO0867,50,Male,Suburban,71608,Education,84,1,136.79,136.79,Books,13,14,FALSE
#DEMO0868,26,Female,Rural,115914,Reading,86,2,253.48,506.96,Books,23,16,TRUE
#DEMO0869,19,Male,Urban,100891,Education,48,2,256.39,512.79,Books,24,9,FALSE
#DEMO0870,28,Male,Urban,34967,Reading,63,2,93.03,186.07,Books,19,12,FALSE
#DEMO0871,51,Male,Suburban,82739,Reading,20,2,181.23,362.47,Books,10,14,FALSE
#DEMO0872,39,Male,Suburban,35261,Reading,46,1,190.18,190.18,Books,20,7,FALSE
#DEMO0873,40,Male,Rural,58212,Education,36,1,227.65,227.65,Books,25,6,FALSE
#DEMO0874,51,Female,Suburban,83869,Reading,31,2,190.73,381.45,Books,17,7,FALSE
#DEMO0875,31,Male,Urban,71918,Reading,45,1,218.26,218.26,Books,13,17,TRUE
#DEMO0876,37,Female,Urban,111379,Education,49,2,203.98,407.96,Books,14,14,FALSE
#DEMO0877,25,Female,Suburban,46606,Reading,62,2,108.12,216.25,Books,14,16,TRUE
#DEMO0878,19,Female,Suburban,117202,Education,26,1,133.9,133.9,Books,8,3,FALSE
#DEMO0879,46,Female,Rural,83282,Reading,20,1,244.34,244.34,Books,11,9,FALSE
#DEMO0880,51,Male,Suburban,77813,Self-learning,31,2,85.11,170.23,Books,5,8,TRUE
#DEMO0881,26,Female,Rural,35860,Education,28,2,169.04,338.08,Books,10,5,TRUE
#DEMO0882,29,Male,Rural,109674,Reading,31,2,231.28,462.55,Books,10,8,FALSE
#DEMO0883,64,Male,Urban,93545,Self-learning,72,2,150.3,300.6,Books,26,12,TRUE
#DEMO0884,49,Female,Urban,48254,Reading,63,2,170.11,340.22,Books,5,14,TRUE
#DEMO0885,64,Male,Rural,115337,Education,66,2,88.82,177.63,Books,17,13,FALSE
#DEMO0886,28,Female,Urban,103627,Reading,63,1,140.23,140.23,Books,30,6,FALSE
#DEMO0887,54,Female,Suburban,73008,Education,45,2,157.43,314.85,Books,24,12,FALSE
#DEMO0888,37,Female,Urban,109996,Self-learning,84,1,100.37,100.37,Books,28,17,TRUE
#DEMO0889,31,Male,Urban,58999,Self-learning,64,1,128.61,128.61,Books,24,15,FALSE
#DEMO0890,20,Male,Rural,72049,Self-learning,38,2,199.21,398.43,Books,10,11,FALSE
#DEMO0891,61,Male,Suburban,39852,Reading,75,2,109.9,219.8,Books,9,11,TRUE
#DEMO0892,33,Female,Rural,83813,Education,23,1,135.89,135.89,Books,29,15,TRUE
#DEMO0893,63,Male,Rural,55725,Education,64,1,111.48,111.48,Books,20,11,TRUE
#DEMO0894,33,Male,Rural,98286,Reading,21,2,92.47,184.93,Books,13,14,TRUE
#DEMO0895,65,Male,Suburban,92721,Self-learning,78,1,199.82,199.82,Books,26,12,TRUE
#DEMO0896,58,Male,Urban,88467,Reading,51,1,105.94,105.94,Books,12,10,FALSE
#DEMO0897,64,Female,Suburban,46202,Self-learning,45,1,205.58,205.58,Books,17,5,TRUE
#DEMO0898,59,Female,Suburban,49328,Reading,30,1,133.78,133.78,Books,21,5,FALSE
#DEMO0899,65,Male,Urban,36380,Education,45,1,215.77,215.77,Books,7,4,FALSE
#DEMO0900,28,Male,Urban,68423,Reading,53,1,92.14,92.14,Books,29,15,TRUE
#DEMO0901,24,Female,Urban,113280,Education,40,1,91.83,91.83,Books,18,18,FALSE
#DEMO0902,59,Male,Urban,59190,Reading,52,2,140.18,280.36,Books,5,6,FALSE
#DEMO0903,39,Male,Rural,71799,Self-learning,62,1,103.28,103.28,Books,7,5,FALSE
#DEMO0904,39,Female,Urban,83139,Self-learning,31,1,196.82,196.82,Books,9,14,TRUE
#DEMO0905,35,Male,Rural,95211,Self-learning,88,1,229.2,229.2,Books,19,11,TRUE
#DEMO0906,50,Male,Suburban,97660,Self-learning,62,2,116.05,232.09,Books,25,16,FALSE
#DEMO0907,35,Male,Suburban,105900,Reading,41,1,101.71,101.71,Books,26,13,FALSE
#DEMO0908,63,Male,Urban,90535,Reading,30,1,243.93,243.93,Books,8,18,TRUE
#DEMO0909,21,Male,Rural,93306,Education,68,2,131.79,263.58,Books,20,3,FALSE
#DEMO0910,42,Female,Urban,44427,Self-learning,81,2,256.23,512.46,Books,29,14,FALSE
#DEMO0911,60,Male,Suburban,45264,Reading,62,1,235.22,235.22,Books,19,6,FALSE
#DEMO0912,34,Female,Urban,30437,Education,50,2,105.18,210.36,Books,18,7,TRUE
#DEMO0913,48,Female,Suburban,88432,Education,28,2,87.2,174.39,Books,17,11,FALSE
#DEMO0914,21,Male,Urban,66364,Self-learning,41,1,210.4,210.4,Books,26,9,FALSE
#DEMO0915,27,Male,Urban,52263,Reading,41,2,246.71,493.42,Books,24,5,TRUE
#DEMO0916,46,Female,Rural,43535,Self-learning,71,1,228.69,228.69,Books,23,14,FALSE
#DEMO0917,65,Male,Suburban,107181,Self-learning,43,1,160.92,160.92,Books,7,12,TRUE
#DEMO0918,64,Male,Urban,62971,Education,41,2,236.3,472.61,Books,12,4,TRUE
#DEMO0919,49,Female,Urban,68000,Reading,28,2,98.33,196.66,Books,5,9,TRUE
#DEMO0920,58,Female,Suburban,39921,Reading,71,1,124.48,124.48,Books,26,16,TRUE
#DEMO0921,51,Female,Urban,91459,Education,48,2,176.76,353.52,Books,21,10,FALSE
#DEMO0922,35,Female,Suburban,62818,Reading,27,2,251.73,503.45,Books,16,13,TRUE
#DEMO0923,62,Male,Suburban,37643,Self-learning,40,2,199.62,399.24,Books,13,12,FALSE
#DEMO0924,65,Female,Urban,91222,Self-learning,84,2,197.26,394.51,Books,27,18,TRUE
#DEMO0925,39,Female,Rural,44953,Reading,39,1,100.46,100.46,Books,12,7,TRUE
#DEMO0926,51,Female,Suburban,55227,Self-learning,56,2,168.89,337.78,Books,24,10,TRUE
#DEMO0927,62,Male,Urban,30534,Education,50,2,215.8,431.6,Books,29,18,FALSE
#DEMO0928,56,Male,Rural,75237,Education,77,1,160.86,160.86,Books,16,12,TRUE
#DEMO0929,60,Male,Urban,49033,Education,30,2,110.52,221.04,Books,13,14,FALSE
#DEMO0930,28,Female,Suburban,88838,Self-learning,29,2,122.28,244.57,Books,16,18,TRUE
#DEMO0931,31,Male,Urban,95647,Reading,43,1,156.29,156.29,Books,9,18,FALSE
#DEMO0932,46,Male,Rural,97733,Self-learning,48,2,136.34,272.69,Books,8,12,TRUE
#DEMO0933,39,Male,Rural,72492,Education,29,1,201.13,201.13,Books,8,13,TRUE
#DEMO0934,20,Female,Suburban,88961,Self-learning,67,2,101.51,203.03,Books,15,5,TRUE
#DEMO0935,24,Male,Suburban,36417,Reading,80,1,136.39,136.39,Books,22,10,TRUE
#DEMO0936,22,Female,Urban,105864,Self-learning,41,1,251.79,251.79,Books,13,17,FALSE
#DEMO0937,64,Female,Rural,91600,Education,71,2,168.99,337.97,Books,25,17,FALSE
#DEMO0938,21,Male,Urban,46172,Reading,90,1,169.85,169.85,Books,13,3,TRUE
#DEMO0939,65,Female,Suburban,51513,Self-learning,64,2,243.39,486.78,Books,17,7,FALSE
#DEMO0940,61,Female,Urban,109546,Self-learning,74,2,101.03,202.07,Books,9,15,TRUE
#DEMO0941,19,Female,Suburban,71869,Education,60,1,241.08,241.08,Books,19,10,FALSE
#DEMO0942,58,Female,Suburban,69915,Education,48,2,224.19,448.39,Books,7,9,TRUE
#DEMO0943,20,Female,Rural,101405,Education,59,2,187.16,374.32,Books,11,16,TRUE
#DEMO0944,31,Male,Rural,66269,Self-learning,28,2,102.15,204.31,Books,14,16,TRUE
#DEMO0945,63,Female,Rural,65545,Reading,68,1,90.63,90.63,Books,30,12,TRUE
#DEMO0946,61,Female,Suburban,52147,Self-learning,32,2,94.98,189.96,Books,5,13,FALSE
#DEMO0947,30,Female,Rural,114987,Self-learning,35,1,155.76,155.76,Books,6,10,FALSE
#DEMO0948,41,Male,Suburban,63183,Reading,42,2,204.72,409.45,Books,15,14,FALSE
#DEMO0949,19,Female,Rural,59779,Reading,38,2,93.77,187.54,Books,9,3,FALSE
#DEMO0950,40,Female,Rural,91553,Education,73,2,93.77,187.54,Books,6,14,TRUE
#DEMO0951,50,Male,Urban,68599,Reading,45,2,120.28,240.56,Books,8,8,FALSE
#DEMO0952,57,Female,Urban,44861,Reading,42,1,249.17,249.17,Books,9,5,FALSE
#DEMO0953,64,Female,Urban,83343,Education,89,1,164.02,164.02,Books,15,13,FALSE
#DEMO0954,62,Male,Suburban,90630,Self-learning,65,2,133.23,266.45,Books,5,16,TRUE
#DEMO0955,23,Male,Suburban,104558,Reading,49,1,177.98,177.98,Books,21,10,TRUE
#DEMO0956,62,Male,Rural,35506,Education,24,1,155.79,155.79,Books,26,11,FALSE
#DEMO0957,60,Male,Rural,72405,Reading,24,2,233.63,467.26,Books,16,10,FALSE
#DEMO0958,21,Female,Suburban,55890,Education,48,2,118.41,236.82,Books,11,7,TRUE
#DEMO0959,25,Female,Suburban,42648,Reading,38,1,85.52,85.52,Books,7,7,FALSE
#DEMO0960,26,Female,Rural,88814,Education,80,2,112.3,224.6,Books,15,14,TRUE
#DEMO0961,22,Male,Suburban,112930,Education,26,1,220.5,220.5,Books,26,5,FALSE
#DEMO0962,59,Female,Suburban,40702,Education,78,2,103.65,207.31,Books,20,10,FALSE
#DEMO0963,24,Male,Rural,107822,Education,52,1,140.99,140.99,Books,16,6,TRUE
#DEMO0964,20,Female,Urban,34295,Reading,34,2,235.22,470.43,Books,21,5,TRUE
#DEMO0965,57,Female,Rural,35665,Reading,34,1,109.08,109.08,Books,7,8,TRUE
#DEMO0966,57,Male,Urban,81169,Self-learning,67,2,169.75,339.51,Books,7,8,TRUE
#DEMO0967,50,Male,Suburban,112812,Self-learning,28,2,228.92,457.84,Books,22,16,FALSE
#DEMO0968,50,Female,Suburban,61676,Reading,20,2,192.92,385.83,Books,14,10,FALSE
#DEMO0969,20,Female,Rural,75691,Reading,28,2,204.03,408.07,Books,26,3,TRUE
#DEMO0970,65,Female,Rural,32054,Education,36,2,197.34,394.67,Books,8,7,TRUE
#DEMO0971,18,Male,Suburban,99623,Reading,62,1,176.67,176.67,Books,14,7,FALSE
#DEMO0972,42,Male,Urban,103920,Reading,57,1,211.98,211.98,Books,6,12,FALSE
#DEMO0973,45,Female,Urban,98037,Reading,66,2,226.2,452.41,Books,13,5,FALSE
#DEMO0974,18,Female,Rural,51151,Reading,42,2,175.22,350.43,Books,9,4,FALSE
#DEMO0975,35,Female,Urban,116485,Education,27,1,139.61,139.61,Books,23,15,TRUE
#DEMO0976,57,Female,Urban,69046,Reading,44,1,103.05,103.05,Books,21,15,TRUE
#DEMO0977,59,Male,Suburban,37087,Education,30,2,168.25,336.5,Books,19,11,FALSE
#DEMO0978,40,Male,Rural,96602,Education,57,2,191.99,383.98,Books,18,7,TRUE
#DEMO0979,64,Male,Suburban,37611,Reading,69,1,252.97,252.97,Books,26,4,TRUE
#DEMO0980,29,Male,Suburban,47177,Reading,45,2,146.75,293.5,Books,12,10,FALSE
#DEMO0981,64,Female,Urban,99603,Reading,66,2,119.67,239.34,Books,19,6,TRUE
#DEMO0982,43,Male,Rural,54596,Reading,50,2,96.61,193.23,Books,13,7,TRUE
#DEMO0983,53,Male,Rural,51468,Reading,81,2,138.4,276.8,Books,7,5,TRUE
#DEMO0984,41,Male,Rural,31420,Reading,24,2,147.25,294.5,Books,25,8,FALSE
#DEMO0985,45,Female,Urban,88398,Education,89,1,247.32,247.32,Books,16,6,FALSE
#DEMO0986,62,Male,Rural,58246,Reading,42,2,234.27,468.55,Books,27,9,FALSE
#DEMO0987,49,Female,Suburban,35484,Self-learning,58,1,177.59,177.59,Books,10,7,TRUE
#DEMO0988,42,Female,Urban,39325,Reading,90,1,131.09,131.09,Books,25,6,TRUE
#DEMO0989,21,Female,Rural,58816,Self-learning,56,2,133.47,266.94,Books,6,7,FALSE
#DEMO0990,54,Male,Rural,30612,Reading,61,2,220.07,440.14,Books,16,13,FALSE
#DEMO0991,57,Female,Rural,92091,Education,32,1,167.3,167.3,Books,14,17,TRUE
#DEMO0992,62,Male,Suburban,59079,Reading,50,2,141.62,283.24,Books,20,4,TRUE
#DEMO0993,30,Male,Urban,87955,Self-learning,65,2,112.61,225.22,Books,15,15,TRUE
#DEMO0994,43,Male,Urban,99329,Reading,77,2,215.24,430.48,Books,21,16,TRUE
#DEMO0995,58,Male,Rural,43700,Reading,84,2,168.73,337.46,Books,8,17,FALSE
#DEMO0996,43,Female,Rural,93438,Self-learning,20,2,152.2,304.39,Books,5,5,FALSE
#DEMO0997,52,Female,Urban,90536,Reading,29,1,181.28,181.28,Books,26,11,FALSE
#DEMO0998,62,Female,Urban,70143,Education,54,2,143.36,286.72,Books,7,6,FALSE
#DEMO0999,27,Male,Rural,37077,Reading,26,1,88.03,88.03,Books,14,17,FALSE
#DEMO1000,32,Male,Urban,112160,Reading,65,2,209.39,418.79,Books,23,16,TRUE
